ochaPCode,name,dcid,errors
CN061,"Shaanxi Province Province, China",wikidataId/Q46913,
CN031,"Shanghai Municipality Province, China",wikidataId/Q8686,
CN050,"Chongqing Municipality Province, China",wikidataId/Q11725,
CN033,"Zhejiang Province Province, China",wikidataId/Q16967,
CN036,"Jiangxi Province Province, China",wikidataId/Q57052,
CN053,"Yunnan Province Province, China",wikidataId/Q43194,
CN037,"Shandong Province Province, China",wikidataId/Q43407,
CN021,"Liaoning Province Province, China",wikidataId/Q43934,
CN054,"Tibet Autonomous Region Province, China",wikidataId/Q17269,
CN062,"Gansu province Province, China",,Missing dcid for placeId ChIJ5bRHsW5cTDYR2b_TuLO4yq8
CN081,"Hong Kong Special Administrative Region Province, China",country/HKG,
CN063,"Qinghai Province Province, China",wikidataId/Q45833,
CN011,"Beijing Municipality Province, China",wikidataId/Q956,
CN082,"Macao Special Administrative Region Province, China",country/MAC,
CN015,"Inner Mongolia Autonomous Region Province, China",wikidataId/Q41079,
CN042,"Hubei Province Province, China",wikidataId/Q46862,
CN034,"Anhui Province Province, China",wikidataId/Q40956,
CN052,"Guizhou Province Province, China",wikidataId/Q47097,
CN064,"Ningxia Hui Autonomous Region Province, China",wikidataId/Q57448,
CN032,"Jiangsu Province Province, China",wikidataId/Q16963,
CN065,"Xinjiang Uygur Autonomous Region Province, China",wikidataId/Q34800,
CN014,"Shanxi Province Province, China",wikidataId/Q46913,
CN043,"Hunan Province Province, China",wikidataId/Q45761,
CN051,"Sichuan Province Province, China",wikidataId/Q19770,
CN045,"Guangxi Zhuang Autonomous Region Province, China",wikidataId/Q15176,
CN022,"Jilin Province Province, China",wikidataId/Q45208,
CN071,"Taiwan Province Province, China",wikidataId/Q32081,
CN013,"Hebei Province Province, China",wikidataId/Q21208,
CN012,"Tianjin Municipality Province, China",,Missing dcid for placeId ChIJF0mT4o_97TURbfN4fk2owic
CN044,"Guangdong Province Province, China",wikidataId/Q15175,
CN035,"Fujian Province Province, China",wikidataId/Q41705,
CN023,"Heilongjiang Province Province, China",wikidataId/Q19206,
CN041,"Henan Province Province, China",wikidataId/Q43684,
CN046,"Hainan Province Province, China",wikidataId/Q42200,
CN065100,"Karamay Prefecture, China",wikidataId/Q658240,
CN065060,"Changji Hui Autonomous Prefecture Prefecture, China",wikidataId/Q989898,
CN065130,"Shihezi Prefecture, China",wikidataId/Q848680,
CN015120,"Xilingol League Prefecture, China",wikidataId/Q573124,
CN021020,"Benxi Prefecture, China",wikidataId/Q75091,
CN062040,"Jiayuguan Prefecture, China",wikidataId/Q532560,
CN037070,"Laiwu Prefecture, China",wikidataId/Q1198335,
CN042080,"Shennongjia Forestry District Prefecture, China",wikidataId/Q1359055,
CN042110,"Tianmen Prefecture, China",wikidataId/Q71468,
CN042020,"Ezhou Prefecture, China",wikidataId/Q71305,
CN042070,"Qianjiang Prefecture, China",wikidataId/Q71489,
CN042150,"Xiantao Prefecture, China",wikidataId/Q71455,
CN036070,"Pingxiang Prefecture, China",wikidataId/Q362865,
CN071010,"Taiwan province Prefecture, China",country/CHN,
CN044020,"Dongguan Prefecture, China",wikidataId/Q59218,
CN044200,"Zhongshan Prefecture, China",wikidataId/Q59223,
CN044210,"Zhuhai Prefecture, China",wikidataId/Q59095,
CN045020,"Beihai Prefecture, China",wikidataId/Q210365,
CN081010,"Hong Kong Special Administrative Region Prefecture, China",country/CHN,
CN033110,"Zhoushan Prefecture, China",wikidataId/Q58324,
CN065120,"Kizilsu Kirgiz Autonomous Prefecture Prefecture, China",wikidataId/Q861035,
CN065110,"Kashi Prefecture Prefecture, China",wikidataId/Q739890,
CN065020,"Aksu Prefecture Prefecture, China",wikidataId/Q421638,
CN065080,"Hotan Prefecture Prefecture, China",wikidataId/Q989885,
CN054040,"Ngari Prefecture Prefecture, China",wikidataId/Q577713,
CN054070,"Xigazê Prefecture, China",wikidataId/Q1211183,
CN054030,"Nagqu Prefecture Prefecture, China",wikidataId/Q1012460,
CN063080,"Yushu Tibetan Autonomous Prefecture Prefecture, China",country/CHN,
CN053030,"Dêqên Tibetan Autonomous Prefecture Prefecture, China",wikidataId/Q766073,
CN053100,"Nujiang Lisu Autonomous Prefecture Prefecture, China",wikidataId/Q767684,
CN053040,"Dali Bai Autonomous Prefecture Prefecture, China",country/CHN,
CN053050,"Dehong Dai and Jingpo Autonomous Prefecture Prefecture, China",wikidataId/Q999132,
CN053010,"Baoshan Prefecture, China",wikidataId/Q496576,
CN053090,"Lincang Prefecture, China",wikidataId/Q496837,
CN053110,"Pu'er Prefecture, China",wikidataId/Q496765,
CN053140,"Xishuangbanna Dai Autonomous Prefecture Prefecture, China",wikidataId/Q868046,
CN054010,"Lhasa Prefecture, China",wikidataId/Q1026100,
CN054020,"Lhoka Prefecture, China",wikidataId/Q777171,
CN054050,"Nyingchi Prefecture, China",wikidataId/Q1012465,
CN054060,"Qamdo Prefecture, China",wikidataId/Q1012419,
CN053080,"Lijiang Prefecture, China",wikidataId/Q205914,
CN051160,"Panzhihua Prefecture, China",wikidataId/Q425415,
CN051090,"Liangshan Yi Autonomous Prefecture Prefecture, China",wikidataId/Q666884,
CN053020,"Chuxiong Yi Autonomous Prefecture Prefecture, China",wikidataId/Q999163,
CN053060,"Honghe Hani and Yi Autonomous Prefecture Prefecture, China",wikidataId/Q999102,
CN053130,"Wenshan Zhuang and Miao Autonomous Prefecture Prefecture, China",wikidataId/Q999145,
CN045010,"Baise Prefecture, China",wikidataId/Q571949,
CN045030,"Chongzuo Prefecture, China",wikidataId/Q572231,
CN045040,"Fangchenggang Prefecture, China",wikidataId/Q571712,
CN045110,"NanNing Prefecture, China",wikidataId/Q179608,
CN045120,"Qinzhou Prefecture, China",wikidataId/Q571766,
CN045140,"Yulin Prefecture, China",wikidataId/Q571918,
CN044180,"Zhanjiang Prefecture, China",wikidataId/Q59144,
CN044090,"Maoming Prefecture, China",wikidataId/Q38927,
CN044160,"Yangjiang Prefecture, China",wikidataId/Q59209,
CN044070,"Jiangmen Prefecture, China",wikidataId/Q59132,
CN044040,"Guangzhou Prefecture, China",wikidataId/Q16572,
CN044110,"Qingyuan Prefecture, China",wikidataId/Q59213,
CN044190,"Zhaoqing Prefecture, China",wikidataId/Q59164,
CN045130,"Wuzhou Prefecture, China",wikidataId/Q571652,
CN045080,"Hezhou Prefecture, China",wikidataId/Q572014,
CN045060,"Guilin Prefecture, China",wikidataId/Q189633,
CN045100,"Liuzhou Prefecture, China",wikidataId/Q38968,
CN045070,"Hechi Prefecture, China",wikidataId/Q572089,
CN052050,"Qiandongnan Miao and Dong Autonomous Prefecture Prefecture, China",wikidataId/Q770297,
CN052030,"Guiyang Prefecture, China",wikidataId/Q192271,
CN052010,"Anshun Prefecture, China",wikidataId/Q486149,
CN052070,"Qianxinan Buyi and Miao Autonomous Prefecture Prefecture, China",wikidataId/Q988844,
CN053120,"Qujing Prefecture, China",wikidataId/Q496405,
CN052040,"Liupanshui Prefecture, China",wikidataId/Q485918,
CN052020,"Bijie Prefecture, China",wikidataId/Q486319,
CN053160,"Zhaotong Prefecture, China",wikidataId/Q197519,
CN051190,"Yibin Prefecture, China",wikidataId/Q427265,
CN051080,"Leshan Prefecture, China",wikidataId/Q426868,
CN051200,"Zigong Prefecture, China",wikidataId/Q29015,
CN051140,"Neijiang Prefecture, China",wikidataId/Q426756,
CN052090,"Zunyi Prefecture, China",wikidataId/Q28994,
CN051030,"Dazhou Prefecture, China",wikidataId/Q427488,
CN051170,"Suining Prefecture, China",wikidataId/Q426644,
CN051060,"Guang'an Prefecture, China",wikidataId/Q427367,
CN051100,"Luzhou Prefecture, China",wikidataId/Q425492,
CN051210,"Ziyang Prefecture, China",wikidataId/Q207030,
CN051180,"Ya'an Prefecture, China",wikidataId/Q427557,
CN051110,"Meishan Prefecture, China",wikidataId/Q427097,
CN051050,"Garzê Tibetan Autonomous Prefecture Prefecture, China",wikidataId/Q128104,
CN063010,"Golog Tibetan Autonomous Prefecture Prefecture, China",wikidataId/Q115594,
CN063040,"Hainan Tibetan Autonomous Prefecture Prefecture, China",wikidataId/Q1012428,
CN063060,"Huangnan Tibetan Autonomous Prefecture Prefecture, China",wikidataId/Q130023,
CN062030,"Gannan Tibetan Autonomous Prefecture Prefecture, China",wikidataId/Q1012462,
CN062090,"Longnan Prefecture, China",wikidataId/Q519810,
CN062120,"Tianshui Prefecture, China",wikidataId/Q533157,
CN062020,"Dingxi Prefecture, China",wikidataId/Q186006,
CN062080,"Linxia Hui Autonomous Prefecture Prefecture, China",wikidataId/Q1001396,
CN063070,"Xining Prefecture, China",wikidataId/Q69060,
CN063030,"Haidong Prefecture, China",wikidataId/Q984788,
CN063020,"Haibei Tibetan Autonomous Prefecture Prefecture, China",wikidataId/Q508594,
CN062050,"Jinchang Prefecture, China",wikidataId/Q532776,
CN062060,"Jiuquan Prefecture, China",wikidataId/Q533432,
CN063050,"Haixi Mongolian Autonomous Prefecture Prefecture, China",wikidataId/Q874334,
CN065040,"Bayingolin Mongolia Autonomous Prefecture Prefecture, China",wikidataId/Q812564,
CN065070,"Hami Prefecture, China",wikidataId/Q989892,
CN065150,"Turpan Prefecture, China",wikidataId/Q868527,
CN065010,"Ürümqi Prefecture, China",wikidataId/Q16959,
CN065030,"Altay Prefecture Prefecture, China",wikidataId/Q776550,
CN065050,"Bortala Mongol Autonomous Prefecture Prefecture, China",wikidataId/Q874291,
CN065090,"Ili Kazak Autonomous Prefecture Prefecture, China",wikidataId/Q848127,
CN015010,"Alxa League Prefecture, China",wikidataId/Q449963,
CN062130,"Wuwei Prefecture, China",wikidataId/Q249007,
CN062070,"Lanzhou Prefecture, China",wikidataId/Q183584,
CN064050,"Zhongwei Prefecture, China",wikidataId/Q197922,
CN064040,"Yinchuan Prefecture, China",wikidataId/Q211243,
CN064020,"Shizuishan Prefecture, China",wikidataId/Q604385,
CN015110,"Wuhai Prefecture, China",wikidataId/Q570768,
CN015080,"Ordos Prefecture, China",wikidataId/Q570937,
CN015030,"Bayannur Prefecture, China",wikidataId/Q571126,
CN015020,"Baotou Prefecture, China",wikidataId/Q569907,
CN015060,"Hohhot Prefecture, China",wikidataId/Q535534,
CN015100,"Ulanqab Prefecture, China",wikidataId/Q571219,
CN014020,"Datong Prefecture, China",wikidataId/Q72877,
CN014070,"Shuozhou Prefecture, China",wikidataId/Q73020,
CN014090,"Xinzhou Prefecture, China",wikidataId/Q73119,
CN061100,"Yulin Prefecture, China",wikidataId/Q571918,
CN061090,"Yan'an Prefecture, China",wikidataId/Q515388,
CN062110,"Qingyang Prefecture, China",wikidataId/Q533764,
CN064010,"Guyuan Prefecture, China",wikidataId/Q604625,
CN062010,"Baiyin Prefecture, China",wikidataId/Q804044,
CN061020,"Baoji Prefecture, China",wikidataId/Q514796,
CN061030,"Hanzhong Prefecture, China",wikidataId/Q515573,
CN051070,"Guangyuan Prefecture, China",wikidataId/Q426237,
CN051010,"Bazhong Prefecture, China",wikidataId/Q178945,
CN051130,"Nanchong Prefecture, China",wikidataId/Q426996,
CN051120,"Mianyang Prefecture, China",wikidataId/Q426130,
CN051040,"Deyang Prefecture, China",wikidataId/Q425996,
CN051020,"Chengdu Prefecture, China",wikidataId/Q30002,
CN051150,"Ngawa Tibetan and Qiang Autonomous Prefecture Prefecture, China",wikidataId/Q1012450,
CN061010,"Ankang Prefecture, China",wikidataId/Q515846,
CN042090,"Shiyan Prefecture, China",wikidataId/Q71227,
CN042130,"Xiangyang Prefecture, China",wikidataId/Q71284,
CN042170,"Yichang Prefecture, China",wikidataId/Q71266,
CN042010,"Enshi Tujia and Miao Autonomous Prefecture Prefecture, China",country/CHN,
CN043130,"Zhangjiajie Prefecture, China",wikidataId/Q197379,
CN043090,"Xiangxi Tujia and Miao Autonomous Prefecture Prefecture, China",wikidataId/Q763069,
CN052080,"Tongren Prefecture, China",wikidataId/Q486235,
CN050010,"Chongqing Municipality Prefecture, China",wikidataId/Q11725,
CN043050,"Huaihua Prefecture, China",wikidataId/Q416922,
CN043100,"Yiyang Prefecture, China",wikidataId/Q416669,
CN043060,"Loudi Prefecture, China",wikidataId/Q416988,
CN043010,"Changde Prefecture, China",wikidataId/Q416544,
CN042060,"Jingzhou Prefecture, China",wikidataId/Q71247,
CN042050,"Jingmen Prefecture, China",wikidataId/Q71323,
CN043120,"Yueyang Prefecture, China",wikidataId/Q151958,
CN043020,"Changsha Prefecture, China",wikidataId/Q174091,
CN043080,"Xiangtan Prefecture, China",wikidataId/Q215755,
CN043140,"Zhuzhou Prefecture, China",wikidataId/Q198266,
CN043040,"Hengyang Prefecture, China",wikidataId/Q144663,
CN043070,"Shaoyang Prefecture, China",wikidataId/Q194531,
CN043110,"Yongzhou Prefecture, China",wikidataId/Q266014,
CN044140,"Shaoguan Prefecture, China",wikidataId/Q59107,
CN044060,"Huizhou Prefecture, China",wikidataId/Q59173,
CN044030,"Foshan Prefecture, China",wikidataId/Q34412,
CN044170,"Yunfu Prefecture, China",wikidataId/Q59233,
CN044150,"Shenzhen Prefecture, China",wikidataId/Q15174,
CN044130,"Shanwei Prefecture, China",wikidataId/Q59189,
CN044050,"Heyuan Prefecture, China",wikidataId/Q59205,
CN044080,"Jieyang Prefecture, China",wikidataId/Q26323,
CN044120,"Shantou Prefecture, China",wikidataId/Q59100,
CN044010,"Chaozhou Prefecture, China",wikidataId/Q59227,
CN044100,"Meizhou Prefecture, China",wikidataId/Q59184,
CN035090,"Zhangzhou Prefecture, China",wikidataId/Q68814,
CN035080,"Xiamen Prefecture, China",wikidataId/Q68744,
CN035020,"Longyan Prefecture, China",wikidataId/Q68862,
CN035060,"Quanzhou Prefecture, China",wikidataId/Q68695,
CN035050,"Putian Prefecture, China",wikidataId/Q68579,
CN035010,"Fuzhou Prefecture, China",wikidataId/Q68481,
CN035070,"Sanming Prefecture, China",wikidataId/Q68614,
CN035030,"Nanping Prefecture, China",wikidataId/Q68534,
CN036010,"Fuzhou Prefecture, China",wikidataId/Q68481,
CN036110,"Yingtan Prefecture, China",wikidataId/Q363076,
CN036030,"Ji'an Prefecture, China",wikidataId/Q1016720,
CN036020,"Ganzhou Prefecture, China",wikidataId/Q363166,
CN043030,"Chenzhou Prefecture, China",wikidataId/Q416748,
CN036090,"Xinyu Prefecture, China",wikidataId/Q362959,
CN036100,"Yichun Prefecture, China",wikidataId/Q349976,
CN036060,"Nanchang Prefecture, China",wikidataId/Q171943,
CN036050,"Jiujiang Prefecture, China",wikidataId/Q216077,
CN036080,"Shangrao Prefecture, China",wikidataId/Q363479,
CN036040,"Jingdezhen Prefecture, China",wikidataId/Q34405,
CN034100,"Huangshan Prefecture, China",wikidataId/Q180470,
CN034040,"Chizhou Prefecture, China",wikidataId/Q360870,
CN034140,"Tongling Prefecture, China",wikidataId/Q360326,
CN034010,"Anqing Prefecture, China",wikidataId/Q360374,
CN042040,"Huangshi Prefecture, China",wikidataId/Q71204,
CN042140,"Xianning Prefecture, China",wikidataId/Q71373,
CN042030,"Huanggang Prefecture, China",wikidataId/Q71355,
CN042120,"Wuhan Prefecture, China",wikidataId/Q11746,
CN042100,"Suizhou Prefecture, China",wikidataId/Q71401,
CN041140,"Xinyang Prefecture, China",wikidataId/Q404873,
CN041180,"Zhumadian Prefecture, China",wikidataId/Q198240,
CN061040,"Shangluo Prefecture, China",wikidataId/Q515983,
CN061070,"Xi'an Prefecture, China",wikidataId/Q5826,
CN061060,"Weinan Prefecture, China",wikidataId/Q126995,
CN061050,"Tongchuan Prefecture, China",wikidataId/Q514608,
CN061080,"Xianyang Prefecture, China",wikidataId/Q71284,
CN041110,"Sanmenxia Prefecture, China",wikidataId/Q404636,
CN014110,"Yuncheng Prefecture, China",wikidataId/Q73073,
CN041070,"Luoyang Prefecture, China",wikidataId/Q187136,
CN041090,"Pingdingshan Prefecture, China",wikidataId/Q404116,
CN041060,"Luohe Prefecture, China",wikidataId/Q404599,
CN041150,"Xuchang Prefecture, China",wikidataId/Q404529,
CN041160,"Zhengzhou Prefecture, China",wikidataId/Q30340,
CN041030,"Jiaozuo Prefecture, China",wikidataId/Q404429,
CN014030,"Jincheng Prefecture, China",wikidataId/Q72990,
CN014010,"Changzhi Prefecture, China",wikidataId/Q72945,
CN014060,"Linfen Prefecture, China",wikidataId/Q73156,
CN014080,"Taiyuan Prefecture, China",wikidataId/Q72778,
CN014050,"Lüliang Prefecture, China",wikidataId/Q73186,
CN014040,"Jinzhong Prefecture, China",wikidataId/Q73045,
CN013040,"Handan Prefecture, China",wikidataId/Q58570,
CN041010,"Anyang Prefecture, China",wikidataId/Q324293,
CN041020,"Hebi Prefecture, China",wikidataId/Q404301,
CN041130,"Xinxiang Prefecture, China",wikidataId/Q404362,
CN041050,"Kaifeng Prefecture, China",wikidataId/Q208471,
CN041170,"Zhoukou Prefecture, China",wikidataId/Q198061,
CN034060,"Fuyang Prefecture, China",wikidataId/Q360584,
CN034090,"Huainan Prefecture, China",wikidataId/Q360178,
CN034020,"Bengbu Prefecture, China",wikidataId/Q360069,
CN034080,"Huaibei Prefecture, China",wikidataId/Q360268,
CN034130,"Suzhou Prefecture, China",wikidataId/Q42622,
CN034030,"Bozhou Prefecture, China",wikidataId/Q360769,
CN041120,"Shangqiu Prefecture, China",wikidataId/Q404817,
CN037040,"Heze Prefecture, China",wikidataId/Q332753,
CN041100,"Puyang Prefecture, China",wikidataId/Q404484,
CN037080,"Liaocheng Prefecture, China",wikidataId/Q373564,
CN013100,"Xingtai Prefecture, China",wikidataId/Q58576,
CN013080,"Shijiazhuang Prefecture, China",wikidataId/Q58401,
CN014100,"Yangquan Prefecture, China",wikidataId/Q72907,
CN013010,"Baoding Prefecture, China",wikidataId/Q58584,
CN013050,"Hengshui Prefecture, China",wikidataId/Q58724,
CN037020,"Dezhou Prefecture, China",wikidataId/Q162880,
CN013020,"Cangzhou Prefecture, China",wikidataId/Q58695,
CN013060,"Langfang Prefecture, China",wikidataId/Q58710,
CN012010,"Tianjin Municipality Prefecture, China",,Missing dcid for placeId ChIJF0mT4o_97TURbfN4fk2owic
CN011010,"Beijing Municipality Prefecture, China",wikidataId/Q956,
CN013110,"Zhangjiakou Prefecture, China",wikidataId/Q58650,
CN013090,"Tangshan Prefecture, China",wikidataId/Q58422,
CN013070,"Qinhuangdao Prefecture, China",wikidataId/Q58560,
CN013030,"Chengde Prefecture, China",wikidataId/Q58675,
CN021080,"Huludao Prefecture, China",wikidataId/Q75379,
CN021030,"Chaoyang Prefecture, China",wikidataId/Q394701,
CN015040,"Chifeng Prefecture, China",wikidataId/Q570829,
CN021090,"Jinzhou Prefecture, China",,Missing dcid for placeId ChIJoxyAvraaJl4R2j34r_yPAcc
CN021140,"Yingkou Prefecture, China",wikidataId/Q75150,
CN021050,"Dandong Prefecture, China",wikidataId/Q75110,
CN021100,"Liaoyang Prefecture, China",wikidataId/Q75203,
CN021110,"Panjin Prefecture, China",wikidataId/Q75230,
CN021070,"Fuxin Prefecture, China",wikidataId/Q34750,
CN021010,"Anshan Prefecture, China",wikidataId/Q74957,
CN021120,"Shenyang Prefecture, China",wikidataId/Q11720,
CN021130,"Tieling Prefecture, China",wikidataId/Q75268,
CN021060,"Fushun Prefecture, China",wikidataId/Q75026,
CN015090,"Tongliao Prefecture, China",wikidataId/Q570884,
CN015050,"Hinggan League Prefecture, China",wikidataId/Q1619433,
CN022010,"Baicheng Prefecture, China",wikidataId/Q92381,
CN023090,"Qiqihar Prefecture, China",wikidataId/Q205922,
CN023020,"Daxinganling Prefecture Prefecture, China",wikidataId/Q984457,
CN023050,"Heihe Prefecture, China",wikidataId/Q349983,
CN023010,"Daqing Prefecture, China",wikidataId/Q304848,
CN023120,"Suihua Prefecture, China",wikidataId/Q349985,
CN022070,"Songyuan Prefecture, China",wikidataId/Q92364,
CN022060,"Siping Prefecture, China",wikidataId/Q92297,
CN022080,"Tonghua Prefecture, China",wikidataId/Q92324,
CN022050,"Liaoyuan Prefecture, China",wikidataId/Q92311,
CN022040,"Jilin Prefecture, China",wikidataId/Q92277,
CN022030,"Changchun Prefecture, China",wikidataId/Q92161,
CN022020,"Baishan Prefecture, China",wikidataId/Q92348,
CN023030,"Harbin Prefecture, China",wikidataId/Q42956,
CN023040,"Hegang Prefecture, China",wikidataId/Q349982,
CN023130,"Yichun Prefecture, China",wikidataId/Q349976,
CN023100,"Qitaihe Prefecture, China",wikidataId/Q349979,
CN023070,"Jixi Prefecture, China",wikidataId/Q28979,
CN023110,"Shuangyashan Prefecture, China",wikidataId/Q349973,
CN023060,"Jiamusi Prefecture, China",wikidataId/Q29003,
CN015070,"Hulunbuir Prefecture, China",wikidataId/Q571033,
CN042160,"Xiaogan Prefecture, China",wikidataId/Q71339,
CN045050,"Guigang Prefecture, China",wikidataId/Q571808,
CN052060,"Qiannan Buyi and Miao Autonomous Prefecture Prefecture, China",wikidataId/Q1001390,
CN035040,"Ningde Prefecture, China",wikidataId/Q68919,
CN033100,"Wenzhou Prefecture, China",wikidataId/Q42635,
CN033090,"Taizhou Prefecture, China",wikidataId/Q57931,
CN033050,"Lishui Prefecture, China",wikidataId/Q58294,
CN033070,"Quzhou Prefecture, China",wikidataId/Q58235,
CN033040,"Jinhua Prefecture, China",wikidataId/Q58210,
CN033080,"Shaoxing Prefecture, China",wikidataId/Q42666,
CN033060,"Ningbo Prefecture, China",wikidataId/Q42780,
CN033010,"Hangzhou Prefecture, China",wikidataId/Q4970,
CN034160,"Xuancheng Prefecture, China",wikidataId/Q360942,
CN033020,"Huzhou Prefecture, China",wikidataId/Q42664,
CN033030,"Jiaxing Prefecture, China",wikidataId/Q58178,
CN031010,"Shanghai Municipality Prefecture, China",wikidataId/Q8686,
CN032070,"Suzhou Prefecture, China",wikidataId/Q42622,
CN032090,"Wuxi Prefecture, China",wikidataId/Q42651,
CN032010,"Changzhou Prefecture, China",wikidataId/Q57970,
CN032040,"Nanjing Prefecture, China",wikidataId/Q16666,
CN032130,"Zhenjiang Prefecture, China",wikidataId/Q57958,
CN034070,"Hefei Prefecture, China",wikidataId/Q185684,
CN034110,"Lu'an Prefecture, China",wikidataId/Q360702,
CN034050,"Chuzhou Prefecture, China",wikidataId/Q114045,
CN032080,"Taizhou Prefecture, China",wikidataId/Q57931,
CN032050,"Nantong Prefecture, China",wikidataId/Q57947,
CN032110,"Yancheng Prefecture, China",wikidataId/Q57866,
CN032020,"Huai'an Prefecture, China",wikidataId/Q57818,
CN032060,"Suqian Prefecture, China",wikidataId/Q57787,
CN032100,"Xuzhou Prefecture, China",wikidataId/Q57719,
CN037060,"Jining Prefecture, China",wikidataId/Q372791,
CN037160,"Zaozhuang Prefecture, China",wikidataId/Q147187,
CN032030,"Lianyungang Prefecture, China",wikidataId/Q57756,
CN037090,"Linyi Prefecture, China",wikidataId/Q373346,
CN037110,"Rizhao Prefecture, China",wikidataId/Q373101,
CN037100,"Qingdao Prefecture, China",wikidataId/Q170322,
CN037140,"Weihai Prefecture, China",wikidataId/Q373023,
CN037150,"Yantai Prefecture, China",wikidataId/Q210493,
CN037130,"Weifang Prefecture, China",wikidataId/Q217698,
CN037170,"Zibo Prefecture, China",wikidataId/Q198370,
CN037120,"Tai'an Prefecture, China",wikidataId/Q217681,
CN037050,"Jinan Prefecture, China",wikidataId/Q170247,
CN037030,"Dongying Prefecture, China",wikidataId/Q372414,
CN037010,"Binzhou Prefecture, China",wikidataId/Q373687,
CN053070,"Kunming Prefecture, China",wikidataId/Q182852,
CN053150,"Yuxi Prefecture, China",wikidataId/Q496496,
CN065140,"Tarbaĝatay Prefecture Prefecture, China",wikidataId/Q644863,
CN062140,"Zhangye Prefecture, China",wikidataId/Q197402,
CN041080,"Nanyang Prefecture, China",wikidataId/Q404763,
CN032120,"Yangzhou Prefecture, China",wikidataId/Q57906,
CN022090,"Yanbian Korean Autonomous Prefecture Prefecture, China",wikidataId/Q714984,
CN023080,"Mudanjiang Prefecture, China",wikidataId/Q217646,
CN021040,"Dalian Prefecture, China",wikidataId/Q74881,
CN082010,"Macao Special Administrative Region Prefecture, China",country/CHN,
CN064030,"Wuzhong Prefecture, China",wikidataId/Q604517,
CN045090,"Laibin Prefecture, China",wikidataId/Q572140,
CN062100,"Pingliang Prefecture, China",wikidataId/Q533985,
CN034120,"Ma'anshan Prefecture, China",wikidataId/Q360235,
CN034150,"Wuhu Prefecture, China",wikidataId/Q359990,
CN046100,"Lingao County Prefecture, China",wikidataId/Q1028107,
CN046040,"Chengmai County Prefecture, China",wikidataId/Q511654,
CN046140,"Sansha Prefecture, China",wikidataId/Q7264490,
CN046170,"Wanning City Prefecture, China",wikidataId/Q997593,
CN046020,"Baoting Li and Miao Autonomous County Prefecture, China",wikidataId/Q807080,
CN046090,"Ledong Li Autonomous County Prefecture, China",wikidataId/Q1027316,
CN046050,"Danzhou Prefecture, China",wikidataId/Q1015132,
CN046060,"Ding'an County Prefecture, China",wikidataId/Q1022249,
CN046160,"Tunchang County Prefecture, China",wikidataId/Q1022271,
CN046010,"Baisha Li Autonomous County Prefecture, China",wikidataId/Q203510,
CN046130,"Qiongzhong Li and Miao Autonomous County Prefecture, China",wikidataId/Q1027336,
CN046070,"Dongfang City Prefecture, China",wikidataId/Q174123,
CN046030,"Changjiang Li Autonomous County Prefecture, China",wikidataId/Q1027323,
CN046120,"Qionghai City Prefecture, China",wikidataId/Q1005059,
CN046110,"Lingshui Li Autonomous County Prefecture, China",wikidataId/Q944615,
CN046080,"Haikou Prefecture, China",wikidataId/Q189823,
CN046150,"Sanya Prefecture, China",wikidataId/Q319804,
CN041040,"Jiyuan Prefecture, China",wikidataId/Q997623,
CN046180,"Wuzhishan City Prefecture, China",wikidataId/Q1001424,
