name,dcid
WORLD_ALL,
MAZAR_E_SHARIF,wikidataId/Q130469
POL_E_KHOMRI,wikidataId/Q477148
HERAT,wikidataId/Q182844
LASHKAR_GAH,wikidataId/Q476800
KHAN_ABAD,wikidataId/Q1247205
KANDAHAR,wikidataId/Q173808
KABUL,wikidataId/Q188933
JALALABAD,wikidataId/Q183303
FARAH,wikidataId/Q180330
CHARIKAR,wikidataId/Q944395
TOLGA,wikidataId/Q2280394
TIARET,wikidataId/Q565568
TEBESSA,wikidataId/Q984575
TAMANRASSET,wikidataId/Q205792
ORAN,wikidataId/Q131818
M_SILA,wikidataId/Q402825
MILA,wikidataId/Q335676
KHEMIS_MILIANA,wikidataId/Q954285
ALGIERS,wikidataId/Q3561
DJELFA,wikidataId/Q2794758
CHLEF,wikidataId/Q849561
BLIDA,wikidataId/Q216990
BATNA,wikidataId/Q338844
ANNABA,wikidataId/Q45942
EL_KHROUB,wikidataId/Q391129
LUANDA,wikidataId/Q3897
BAKU,wikidataId/Q13662815
ZARATE,wikidataId/Q246956
SANTIAGO_DEL_ESTERO,wikidataId/Q44827
SAN_SALVADOR_DE_JUJUY,wikidataId/Q44217
SAN_PEDRO_DE_JUJUY,wikidataId/Q1020263
SAN_MIGUEL_DE_TUCUMAN,wikidataId/Q44255
SAN_MARTIN,wikidataId/Q781245
SAN_JUAN,wikidataId/Q44241
ROSARIO,wikidataId/Q52535
RIO_GALLEGOS,wikidataId/Q44242
RIO_CUARTO,wikidataId/Q983451
FORMOSA,wikidataId/Q44214
OBERA,wikidataId/Q55377
NEUQUEN,wikidataId/Q44239
MENDOZA,wikidataId/Q44237
CONCORDIA,wikidataId/Q52578
CORDOBA,wikidataId/Q44210
LA_PLATA,wikidataId/Q44059
COMODORO_RIVADAVIA,wikidataId/Q221921
CATAMARCA,wikidataId/Q44162
BUENOSAIRES,wikidataId/Q1486
BAHIA_BLANCA,wikidataId/Q54108
PARANA,wikidataId/Q44213
HOBART,
PERTH,wikidataId/Q3183
MUSWELLBROOK,wikidataId/Q1008383
MELBOURNE,wikidataId/Q3141
LAUCENSTON,wikidataId/Q937765
KINGAROY,wikidataId/Q605972
CAIRNS,wikidataId/Q189133
GOLDCOAST,wikidataId/Q140075
GEELONG,wikidataId/Q231765
DARWIN,wikidataId/Q11568
CESSNOCK,wikidataId/Q606357
CANBERRA,wikidataId/Q3114
BUNBURY,wikidataId/Q256711
BRISBANE,wikidataId/Q34932
ADELAIDE,wikidataId/Q5112
WOLLONGONG,wikidataId/Q187861
SYDNEY,wikidataId/Q1094194
SHEPPARTON,wikidataId/Q707030
ALICE_SPRINGS,wikidataId/Q17872
VIENNA,nuts/AT13
SALZBURG,wikidataId/Q34713
LINZ,wikidataId/Q41329
BREGENZ,wikidataId/Q1737
KLAGENFURT,nuts/AT211
INNSBRUCK,nuts/AT332
GRAZ,wikidataId/Q13298
MANAMA,wikidataId/Q3882
SYLHET,wikidataId/Q466221
RAJSHAHI,wikidataId/Q322155
MYMENSINGH_NASIRABAD,
KHULNA,wikidataId/Q243325
JESSORE,wikidataId/Q1688300
JAMALPUR,wikidataId/Q4159797
GAZIPUR,wikidataId/Q2460416
DINAJPUR,wikidataId/Q1985120
DHAKA,wikidataId/Q1354
COMILLA,wikidataId/Q1006296
CHITTAGONG,wikidataId/Q158087
SAIDPUR,wikidataId/Q3347049
BARISAL,wikidataId/Q747840
BOGRA,wikidataId/Q1918837
AUSTRAILA_AND_NEWZEALAND_ALL,country/NZL
ETTERBEEK,wikidataId/Q192859
BRUSSELS,wikidataId/Q239
BERCHEM_SAINTE_AGATHE,wikidataId/Q272272
AUDERGHEM,wikidataId/Q272228
SAINT_JOSSE_TEN_NOODE,wikidataId/Q272243
SAINT_GILLES,wikidataId/Q237674
MOLENBEEK_SAINT_JEAN,wikidataId/Q180775
KOEKELBERG,wikidataId/Q219244
JETTE,wikidataId/Q241918
IXELLES,wikidataId/Q208713
GANSHOREN,wikidataId/Q366552
FOREST,wikidataId/Q72946
EVERE,wikidataId/Q321718
ANDERLECHT,wikidataId/Q12886
WOLUWE_SAINT_PIERRE,wikidataId/Q242393
WOLUWE_SAINT_LAMBERT,wikidataId/Q211764
WATERMAEL_BOITSFORT,wikidataId/Q272262
UCCLE,wikidataId/Q203312
SCHAERBEEK,wikidataId/Q12887
KAPELLEN_EKEREN,wikidataId/Q1797837
GENT,wikidataId/Q1296
OOSTENDE,wikidataId/Q12996
NAMUR,wikidataId/Q134121
MECHELEN,wikidataId/Q162022
CHARLEROI,wikidataId/Q81046
BRUGGE,wikidataId/Q12994
LIEGE,wikidataId/Q3992
LEUVEN,wikidataId/Q118958
LA_LOUVIERE,wikidataId/Q211572
ANTWERPEN,wikidataId/Q12892
QUAREGNON_FRAMERIES,wikidataId/Q538735
VERVIERS_DISON,wikidataId/Q682105
CENTRAL_AND_SOUTHERN_ASIA_ALL,
THIMPHU,wikidataId/Q9270
COCHABAMBA,wikidataId/Q183124
SARAJEVO,wikidataId/Q11194
BANJA_LUKA,wikidataId/Q131127
PASSOS,wikidataId/Q985579
PORTO_ALEGRE,wikidataId/Q40269
SAOPAULO,wikidataId/Q174
RIBEIRAO_PRETO,wikidataId/Q188892
VITORIA_DA_CONQUISTA,wikidataId/Q22062839
UMUARAMA,wikidataId/Q593948
TEIXEIRA_DE_FREITAS,wikidataId/Q282335
TATUI,wikidataId/Q1795613
SAO_CARLOS,wikidataId/Q1815617
SANTANA_PORTO_SANTANA,wikidataId/Q2105236
SANTA_CRUZ_DO_CAPIBARIBE,wikidataId/Q2082237
SALVADOR,wikidataId/Q36947
PARAUAPEBAS,wikidataId/Q1806100
PALMAS,wikidataId/Q178993
MONTES_CLAROS,wikidataId/Q651906
MACAPA,wikidataId/Q180215
LIMEIRA,wikidataId/Q841241
JEQUIE,wikidataId/Q630203
ITUIUTABA,wikidataId/Q1756328
CUIABA,wikidataId/Q170762
ILHEUS,wikidataId/Q373705
GUARAPARI,wikidataId/Q267439
FLORIANOPOLIS,
DIVINOPOLIS,wikidataId/Q926606
CURITIBA,wikidataId/Q4361
CRICIUMA,wikidataId/Q1439157
CAMPINAS,wikidataId/Q171617
BRASILIA,wikidataId/Q22066977
BELOHORIZONTE,wikidataId/Q42800
BELEM,wikidataId/Q12829733
BARRETOS,wikidataId/Q1637488
ARAXA,wikidataId/Q586057
APARECIDA_DE_GOIANIA,wikidataId/Q459711
RECIFE,wikidataId/Q48344
INDAIATUBA,wikidataId/Q616650
HONIARA,wikidataId/Q40921
RUSE,wikidataId/Q160173
YAMBOL,wikidataId/Q186569
VELIKO_TARNOVO,wikidataId/Q173474
DOBRIC,wikidataId/Q168668
BURGAS,wikidataId/Q6509
SOFIA,nuts/SOF46
SHUMEN,wikidataId/Q181830
PLOVDIV,wikidataId/Q459
PLEVEN,wikidataId/Q165420
MONTANA,wikidataId/Q220121
VARNA,wikidataId/Q6506
STARA_ZAGORA,wikidataId/Q170415
TAUNGGYI,wikidataId/Q1075566
TACHILEIK,wikidataId/Q1018494
PATHEIN,wikidataId/Q870103
NAY_PYI_TAW,wikidataId/Q37400
MYITKYINA,wikidataId/Q1062370
MANDALAY,wikidataId/Q185518
LOIKAW,wikidataId/Q1017971
LASHIO,wikidataId/Q1209397
KALE,wikidataId/Q3129405
MYEIK,wikidataId/Q1018163
MYEDE,wikidataId/Q6947282
MAWLAMYINE,wikidataId/Q685941
YANGON,wikidataId/Q37995
MINSK,wikidataId/Q2280
MAZYR,wikidataId/Q386487
KOBYRN,wikidataId/Q955992
HRODNA,wikidataId/Q181376
BREST-BELARUS,wikidataId/Q140147
BABRUJSK,wikidataId/Q207294
SALIHORSK,wikidataId/Q201393
POLACK,wikidataId/Q200797
GOMEL,wikidataId/Q2678
VICIEBSK,wikidataId/Q102217
HAMILTON_CANADA,wikidataId/Q133116
GUELPH,wikidataId/Q504114
GREATER_SUDBURY_GRAND_SUDBURY,
EDMONTON,wikidataId/Q2096
CALGARY,wikidataId/Q36312
BRANTFORD,wikidataId/Q34180
BELLEVILLE,wikidataId/Q34227
BARRIE,wikidataId/Q34183
TROIS_RIVIERES,wikidataId/Q44012
TORONTO,wikidataId/Q172
THUNDER_BAY,wikidataId/Q34116
ST_JOHNS,wikidataId/Q2082
ST_CATHARINES,wikidataId/Q126805
SHERBROOKE,wikidataId/Q139473
SASKATOON,wikidataId/Q10566
SAINT_JOHN,wikidataId/Q203403
SAGUENAY,wikidataId/Q139229
MONCTON,wikidataId/Q457334
LONDON_CANADA,wikidataId/Q92561
LETHBRIDGE,wikidataId/Q270887
KITCHENER_CAMBRIDGE_WATERLOO,wikidataId/Q1028279
ABBOTSFORD,wikidataId/Q271730
KELOWNA,wikidataId/Q232226
HALIFAX_CANADA,wikidataId/Q2141
KINGSTON_CANADA,wikidataId/Q202973
WINNIPEG,wikidataId/Q2135
WINDSOR,wikidataId/Q182625
VICTORIA,wikidataId/Q2132
VANCOUVER,wikidataId/Q24639
REGINA,wikidataId/Q2123
QUEBEC,wikidataId/Q2145
PETERBOROUGH_CANADA,wikidataId/Q776930
OTTAWA_GATINEAU_QUEBEC_PART,wikidataId/Q1930
OTTAWA_GATINEAU_ONTARIO_PART,
OSHAWA,wikidataId/Q211867
MONTREAL,wikidataId/Q340
SAINT_JEAN_SUR_RICHELIEU,wikidataId/Q141977
ANURADHAPURA,wikidataId/Q5724
GALLE,wikidataId/Q319366
PUTTALAM,wikidataId/Q3088741
COLOMBO,wikidataId/Q35381
CHILAW_FERRY_STREET,
BATTICALOA,wikidataId/Q810963
BADULLA,wikidataId/Q390096
RATNAPURA,wikidataId/Q508753
MATARA,wikidataId/Q13360574
KANDY,wikidataId/Q203197
JAFFNA,wikidataId/Q215277
HAPUTALE,
HAMBANTOTA,wikidataId/Q1025283
EMBILIPITIYA,wikidataId/Q4802021
RANCAGUA,wikidataId/Q4582
VALPARAISO_VALPARAISO,wikidataId/Q33986
TEMUCO,wikidataId/Q82128
TALCA,wikidataId/Q4469
SANTIAGO_SANTIAGO,wikidataId/Q2887
ARICA,wikidataId/Q2203
MAGALLANES_PUNTAARENAS,wikidataId/Q51599
PENAFLOR,wikidataId/Q51098
OVALLE,wikidataId/Q51060
COPIAPO,wikidataId/Q3868
CONCEPCION,wikidataId/Q1880
ANTOFAGASTA_ANTOFAGASTA,wikidataId/Q3612
IQUIQUE,wikidataId/Q14440
LA_SERENA,wikidataId/Q14467
LOS_ANGELES,wikidataId/Q16910
LOSLAGOS_OSORNO,wikidataId/Q51059
XUCHENG,wikidataId/Q11070407
XINGPING,wikidataId/Q1201091
WUHAN,wikidataId/Q11746
TIANJIN,wikidataId/Q11736
TANGSHAN,wikidataId/Q58422
TAIPEI,
HANGZHOU,wikidataId/Q4970
QINGDAO,wikidataId/Q170322
LESHAN,wikidataId/Q426868
KAIPING,wikidataId/Q599514
JINAN,wikidataId/Q170247
HONG_KONG,country/HKG
HAIKOU,wikidataId/Q189823
GUIXI,wikidataId/Q1335331
GAOYOU,wikidataId/Q1253949
CHENGGUAN,wikidataId/Q10929428
CHENGDU,wikidataId/Q30002
CHANGZHOU,wikidataId/Q57970
CHANGZHI,wikidataId/Q72945
BEIJING,wikidataId/Q956
GUANGZHOU,wikidataId/Q16572
YIYANG,wikidataId/Q416669
YUCHENG,wikidataId/Q1198528
ZHENGZHOU,wikidataId/Q30340
ZUNYI,wikidataId/Q28994
ZHUJI,wikidataId/Q198222
SHENZHEN,wikidataId/Q15174
YANGGU,wikidataId/Q290059
BOGOTA,
ZIPAQUIRA,wikidataId/Q205429
VALLEDUPAR,wikidataId/Q376903
SINCELEJO,wikidataId/Q1043513
NEIVA,wikidataId/Q638260
MEDELLIN,wikidataId/Q48278
MAICAO,wikidataId/Q1937427
GIRARDOT,wikidataId/Q186193
FLORENCIA,wikidataId/Q2308980
CARTAGO_COLOMBIA,wikidataId/Q2004074
CARTAGENA_COLOMBIA,wikidataId/Q657461
CALI,wikidataId/Q51103
BUGA,wikidataId/Q934753
BUCARAMANGA,wikidataId/Q243766
BARRANQUILLA,wikidataId/Q62823
TUNJA,wikidataId/Q236744
KINSHASA,wikidataId/Q3838
LUBUMBASHI,wikidataId/Q187593
SANJOSE,wikidataId/Q3070
PUNTARENAS,wikidataId/Q30687
PUERTO_LIMON,wikidataId/Q30620
LIBERIA,wikidataId/Q1387526
CARTAGO_COSTARICA,wikidataId/Q30617
ZAGREB,wikidataId/Q1435
ZADAR,wikidataId/Q3370
SPLIT,wikidataId/Q1663
RIJEKA,wikidataId/Q1647
OSIJEK,wikidataId/Q1640
BAYAMO,wikidataId/Q115382
CAMAGUEY,wikidataId/Q115329
CIENFUEGOS,wikidataId/Q190005
GUANTANAMO,wikidataId/Q185156
HOLGUIN,wikidataId/Q244154
SANTIAGO_DE_CUBA,
LAS_TUNAS,
HAVANA,wikidataId/Q1563
SANTA_CLARA,wikidataId/Q211590
LEYMOSUN,wikidataId/Q185632
SUBSAHARAN_ARFICA_ALL,
USTI_NAD_LABEM,wikidataId/Q156974
PRAGUE,nuts/CZ01
PARDUBICE,wikidataId/Q36989
OSTRAVA,wikidataId/Q8385
MOST,wikidataId/Q146363
LIBEREC,wikidataId/Q146351
KLADNO,wikidataId/Q155993
HRADEC_KRALOVE,wikidataId/Q180139
HRABUVKA,
HAVIROV,wikidataId/Q192904
CHOMUTOV_JIRKOV,wikidataId/Q149097
CESKE_BUDEJOVICE,wikidataId/Q16506
PORUBA,wikidataId/Q3500288
PLZEN,wikidataId/Q43453
BRNO,wikidataId/Q14960
OLOMOUC,wikidataId/Q81137
BOHICON,wikidataId/Q2356092
DJOUGOU,wikidataId/Q868198
PARAKOU,wikidataId/Q688324
NATITINGOU,wikidataId/Q994125
KANDI,wikidataId/Q845666
ARHUS,wikidataId/Q25319
AALBORG,wikidataId/Q25410
ODENSE,wikidataId/Q25331
KOBENHAVN,wikidataId/Q1748
GREVE_ISHOJ,wikidataId/Q3196979
SAN_FRANCISCO_DE_MACORIS,wikidataId/Q681999
PUERTA_PLATA,wikidataId/Q988413
LA_VEGA,wikidataId/Q538953
LA_ROMANA,wikidataId/Q40508
HIQUEY,wikidataId/Q1020261
SANTIAGO_DE_LOS_CABELLEROS,wikidataId/Q42763
DURAN,wikidataId/Q1120810
SANTODOMINGODELOSCOLORADOS,wikidataId/Q1015654
RIOBAMBA,wikidataId/Q478675
QUITO,wikidataId/Q2900
QUEVEDO,wikidataId/Q773225
MILAGRO,wikidataId/Q773238
MACHALA,wikidataId/Q215080
LOJA,wikidataId/Q944697
GUAYAQUIL,wikidataId/Q1991935
ESMERALDAS,wikidataId/Q149955
DAULE,wikidataId/Q1014430
CUENCA,wikidataId/Q54886
CHONE,wikidataId/Q2756591
TULCAN,wikidataId/Q752113
USULUTAN,wikidataId/Q1018092
SANTAANA_SANTAANA,wikidataId/Q739664
SANMIGUEL_SANMIGUEL,wikidataId/Q672458
APOPA,wikidataId/Q619646
SANSALVADOR_SANSALVADOR,wikidataId/Q3110
ADDIS,wikidataId/Q3624
HARAR,wikidataId/Q190184
GONDAR,wikidataId/Q218861
DIRE_DAWA,
BAHIR_DAR,wikidataId/Q464699
AWASSA,wikidataId/Q755765
ADAMA,wikidataId/Q351427
TARTU,wikidataId/Q13972
TALLINN,wikidataId/Q1770
NARVA,wikidataId/Q102158
SUVA,wikidataId/Q38807
NADI,wikidataId/Q619443
LAUTOKA,wikidataId/Q856662
ABO,wikidataId/Q38511
TAPIOLA_NIITTYKUMPU,wikidataId/Q7034502
TAMMERFORS,wikidataId/Q40840
OULU_ULEABORG,wikidataId/Q47048
JYVASKYLA,wikidataId/Q134620
HELSINKI_HELSINGFORS,wikidataId/Q1757
AVIGNON,wikidataId/Q6397
LIMOGES,wikidataId/Q45656
LILLE,wikidataId/Q648
CAEN,wikidataId/Q41185
BREST-FRANCE,wikidataId/Q12193
SAINT_BRIEUC,wikidataId/Q29234
ROUEN,wikidataId/Q30974
AJACCIO,wikidataId/Q40104
AIX_EN_PROVENCE,wikidataId/Q47465
ARRAS,wikidataId/Q131329
ANTIBES,wikidataId/Q126898
BELFORT,wikidataId/Q171545
BESANCON,wikidataId/Q37776
BEZIERS,wikidataId/Q174019
MEAUX,wikidataId/Q207620
MAUREPAS_MONTIGNY_LE_BRETONNEUX,
MARTIGUES_PORT_DE_BOUC,wikidataId/Q675925
MARSEILLE,wikidataId/Q23482
MANTES_LA_JOLIE,wikidataId/Q207253
LYON,wikidataId/Q456
GRENOBLE,wikidataId/Q1289
FREJUS,wikidataId/Q215155
LES_CLAYES_SOUS_BOIS,wikidataId/Q491948
LE_MANS,wikidataId/Q1476
DUNKERQUE,wikidataId/Q45797
DOUAI,wikidataId/Q193826
DIJON,wikidataId/Q7003
COLMAR,wikidataId/Q130994
CLERMONT_FERRAND,wikidataId/Q42168
CHARTRES,wikidataId/Q130272
MONTPELLIER,wikidataId/Q6441
MULHOUSE,wikidataId/Q79815
BOURGES,wikidataId/Q132404
BOULOGNE_SUR_MER,wikidataId/Q81997
BAYONNE,wikidataId/Q134674
VALENCIENNES,wikidataId/Q163795
VALENCE,wikidataId/Q8848
TROYES,wikidataId/Q5489
TOURS,wikidataId/Q288
TOULOUSE,wikidataId/Q7880
PAU,
PARIS,nuts/FR101
RENNES,wikidataId/Q647
REIMS,wikidataId/Q41876
ORLEANS,wikidataId/Q6548
NIMES,wikidataId/Q42807
NICE,wikidataId/Q33959
NANTES,wikidataId/Q12191
NANCY,wikidataId/Q40898
SAINT_ETIENNE,wikidataId/Q42716
ANNECY,wikidataId/Q50189
ANGERS,wikidataId/Q38380
AMIENS,wikidataId/Q41604
POITIERS,wikidataId/Q6616
POISSY,wikidataId/Q457
PERPIGNAN,wikidataId/Q6730
LE_HAVRE,wikidataId/Q42810
LA_SEYNE_SUR_MER_SANARY_SUR_MER,wikidataId/Q659484
LA_ROCHELLE,wikidataId/Q82185
CHAMBERY,wikidataId/Q165090
CERGY_PONTOISE,wikidataId/Q961964
CALAIS,wikidataId/Q6454
BORDEAUX,wikidataId/Q1479
MELUN,wikidataId/Q41139
METZ,wikidataId/Q22690
TOULON,wikidataId/Q44160
STRASBOURG,wikidataId/Q6602
SAINT_QUENTIN,wikidataId/Q182744
FAAA_PUNAAUIA_PAPEETE_FRENCH_POLYNESIA,
AL_KHALIL,wikidataId/Q168225
AN_NUSAYRAT,
AL_QUDS,
RAFAH,wikidataId/Q172343
NABULUS_NABLUS,wikidataId/Q214178
JENIN,
GHAZZAH,wikidataId/Q47492
KHAN_YUNIS,
BIELEFELD,nuts/DEA41
MOERS,wikidataId/Q3132
FURTH,nuts/DE253
FREIBURG_IM_BREISGAU,nuts/DE131
BRAUNSCHWEIG,nuts/DE911
HAMBURG,nuts/DE6
KREFELD,nuts/DEA14
BONN,nuts/DEA22
MONCHENGLADBACH,nuts/DEA15
MUNSTER,nuts/DEA33
REUTLINGEN,wikidataId/Q3085
REMSCHEID,nuts/DEA18
BOCHOLT,wikidataId/Q3917
BERLIN,nuts/DE3
AACHEN,nuts/DEA21
HALLE,wikidataId/Q225774
BENRATH,wikidataId/Q459769
BAYREUTH,nuts/DE242
HAGEN,nuts/DEA53
GUTERSLOH,wikidataId/Q3771
GROPELINGEN_VEGESACK,wikidataId/Q315005
GOTTINGEN,wikidataId/Q3033
GORLITZ,nuts/DED22
GOPPINGEN,wikidataId/Q4072
ERFURT,nuts/DEG01
DUSSELDORF,nuts/DEA11
FRANKFURT_AM_MAIN,nuts/DE712
FRANKFURT_ODER,nuts/DE403
DUREN,wikidataId/Q1884
DUISBURG,nuts/DEA12
DRESDEN,nuts/DED21
DELMENHORST,nuts/DE941
DARMSTADT,nuts/DE711
COTTBUS,nuts/DE402
MAINZ,nuts/DEB35
MAGDEBURG,nuts/DEE03
HAMM,nuts/DEA54
HANAU,wikidataId/Q3802
LUTTEN_KLEIN,wikidataId/Q1880458
LUNEN,wikidataId/Q3822
LUNEBURG,wikidataId/Q3920
LUDWIGSBURG,wikidataId/Q622
LUDENSCHEID,wikidataId/Q3893
LUBECK,nuts/DEF03
KAISERSLAUTERN,nuts/DEB32
JENA,nuts/DEG03
KOLN,nuts/DEA23
KIEL,nuts/DEF02
ISERLOHN,wikidataId/Q1130
INGOLSTADT,nuts/DE211
HILDESHEIM,wikidataId/Q3185
HERZOGENRATH,wikidataId/Q6916
HEILBRONN,nuts/DE117
HEIDELBERG,nuts/DE125
TUBINGEN,wikidataId/Q3806
TRIER,nuts/DEB21
WURZBURG,nuts/DE263
WOLFSBURG,nuts/DE913
STUTTGART,nuts/DE111
SOLINGEN_WUPPERTAL,nuts/DEA19
SINDELFINGEN,wikidataId/Q4019
SCHWEINFURT,nuts/DE262
SAARBRUCKEN,wikidataId/Q1724
RUSSELSHEIM_AM_MAIN,wikidataId/Q4031
PADERBORN,wikidataId/Q2971
OSNABRUCK,nuts/DE944
REGENSBURG,nuts/DE232
POTSDAM,nuts/DE404
OLDENBURG_OLDENBURG,nuts/DE943
NEUSS,wikidataId/Q2948
NEUMUNSTER,nuts/DEF04
MUNCHEN,nuts/DE212
BAMBERG,nuts/DE241
BAD_SODEN_AM_TAUNUS_KELKHEIM,wikidataId/Q39785
AUGSBURG,nuts/DE271
GIESSEN,wikidataId/Q3874
GEVELSBERG_SCHWELM,wikidataId/Q11293
GERA,nuts/DEG02
FLENSBURG,nuts/DEF01
ESSLINGEN_AM_NECKAR,wikidataId/Q3786
ERLANGEN,nuts/DE252
CHEMNITZ,nuts/DED41
BREMERHAVEN,nuts/DE502
BREMEN,nuts/DE501
HANNOVER,nuts/DE921
MARL,wikidataId/Q3813
MANNHEIM,nuts/DE126
LEVERKUSEN,nuts/DEA24
LEIPZIG,nuts/DED51
LANDSHUT,nuts/DE221
KEMPTEN_ALLGAU,nuts/DE273
KASSEL,nuts/DE731
KARLSRUHE,nuts/DE122
HAUNSTETTEN,wikidataId/Q760477
HARBURG,wikidataId/Q503226
KOBLENZ,nuts/DEB11
WIESBADEN,nuts/DE714
VAIHINGEN_MOHRINGEN,wikidataId/Q1957900
ULM,nuts/DE144
RUHRGEBIET,
ROSTOCK,nuts/DE803
ROSENHEIM,nuts/DE213
PORZ,wikidataId/Q458242
PLAUEN,nuts/DED12
PFORZHEIM,nuts/DE129
ACCRA,wikidataId/Q3761
THESSALONIKI,wikidataId/Q17151
KAVALA,wikidataId/Q187352
ATHINA,wikidataId/Q1524
CHANIA,wikidataId/Q182299
IOANNINA,wikidataId/Q183199
IRAKLEIO,
HUEHUETENANGO,wikidataId/Q984863
SANTA_LUCIA_COTZUMALGUAPA,wikidataId/Q404550
SAN_JUAN_SACATEPEQUEZ,wikidataId/Q127622
QUETZALTENANGO,wikidataId/Q334577
PUERTO_BARRIOS,wikidataId/Q991400
MAZATENANGO,wikidataId/Q1023983
GUATEMALA_CITY,wikidataId/Q1555
ESCUINTLA,wikidataId/Q780771
COBAN,wikidataId/Q867077
SAINTMARC,wikidataId/Q132189
PORT-AU-PRINCE,wikidataId/Q34261
CAP_HAITIEN,wikidataId/Q216835
EL_PROGRESO,wikidataId/Q2277161
COMAYAGUA,wikidataId/Q679169
TEGUCIGALPA,wikidataId/Q3238
SAN_PEDRO_SULA,wikidataId/Q274584
LA_CEIBA,wikidataId/Q916536
VESZPREM,wikidataId/Q146317
RAKOSLIGET,wikidataId/Q714696
PECS,wikidataId/Q45779
TATABANYA,wikidataId/Q187821
SZOMBATHELY,wikidataId/Q42007
SZEKESFEHERVAR,wikidataId/Q130212
SZEGED,wikidataId/Q81581
NYIREGYHAZA,wikidataId/Q171223
MISKOLC,wikidataId/Q102397
KECSKEMET,wikidataId/Q171357
GYOR,wikidataId/Q134494
ERD,wikidataId/Q193050
DEBRECEN,wikidataId/Q79880
BUDAPEST,nuts/HU101
REYKJAVIK,wikidataId/Q1764
PARBHANI,wikidataId/Q1797389
SURAT,wikidataId/Q1797317
SITAPUR,wikidataId/Q1812539
SINGRAULI,wikidataId/Q2668638
PUNE,wikidataId/Q1538
PATNA,wikidataId/Q100077
PALI,wikidataId/Q46925
NELLORE,wikidataId/Q61434
MUMBAI,wikidataId/Q1156
MORENA,wikidataId/Q2341467
MALEGAON,wikidataId/Q580965
KOZHIKODE,wikidataId/Q1142979
KOLKATA,wikidataId/Q1348
KANPUR,wikidataId/Q66568
KANCHIPURAM,wikidataId/Q15157
JALNA,wikidataId/Q1804863
JAIPUR,wikidataId/Q1134781
BELGAUM,wikidataId/Q270176
HINDUPUR,wikidataId/Q760056
COIMBATORE,wikidataId/Q15136
CHANDIGARH,wikidataId/Q43433
BHIWANDI,wikidataId/Q645725
BENGALURU,wikidataId/Q1355
BAHARAMPUR,wikidataId/Q633530
AHMEDABAD,wikidataId/Q1070
THOOTHUKKUDI,wikidataId/Q41562
HYDERABAD_INDIA,wikidataId/Q1361
VIJAYAWADA,wikidataId/Q200017
TUMKUR,wikidataId/Q911310
PEKALONGAN,wikidataId/Q10623
BANDA_ACEH,wikidataId/Q5779
BANDUNG,wikidataId/Q10332
CIREBON,wikidataId/Q10368
SURABAYA,wikidataId/Q11462
SEMARANG,wikidataId/Q10687
SAMARINDA,wikidataId/Q14499
PURWAKARTA,wikidataId/Q10378
PEMATANGSIANTAR,wikidataId/Q5979
PEMALANG,wikidataId/Q10624
JOMBANG,wikidataId/Q11082
PAREPARE,wikidataId/Q14636
PALEMBANG,wikidataId/Q8131
MEDAN,wikidataId/Q5972
MAKASSAR,wikidataId/Q14634
KENDARI,wikidataId/Q15379
JAMBI,wikidataId/Q2051
GARUT_KOTA,wikidataId/Q833632
BENGKULU,wikidataId/Q1890
MASHAD,wikidataId/Q121157
NISHABUR,wikidataId/Q131350
PIRANSHAHR,wikidataId/Q3015863
QOM,wikidataId/Q170573
KHORAM_ABAD,wikidataId/Q502212
KERMAN,wikidataId/Q171714
KASHMAR,wikidataId/Q720403
BANDAR_ABBAS,wikidataId/Q154814
KARAJ,
GORGAN,wikidataId/Q188155
ESFAHAN,wikidataId/Q42053
DEHDASHT,wikidataId/Q888365
BOJNURD,wikidataId/Q317946
BABOL,wikidataId/Q605157
ARAK,wikidataId/Q212628
ARADABIL,wikidataId/Q12727756
AHVAZ,wikidataId/Q170366
VARAMIN,wikidataId/Q518985
TEHRAN,wikidataId/Q3616
TABRIZ,wikidataId/Q80053
SHIRAZ,wikidataId/Q6397066
SHAHIN_SHAHR,wikidataId/Q862105
SARI,wikidataId/Q168843
SANANDAJ,wikidataId/Q272093
SALMAS,wikidataId/Q765806
KASAN,
SHADEGAN,wikidataId/Q778162
BAGHDAD,wikidataId/Q1530
SWORDS_MALAHIDE,wikidataId/Q987748
CORK,wikidataId/Q36647
BLANCHARDSTOWN,wikidataId/Q496387
LIMERICK,wikidataId/Q133315
DUBLIN,wikidataId/Q1761
TEL_AVIV,wikidataId/Q33935
VERONA,wikidataId/Q2028
CATANIA,wikidataId/Q1903
CAGLIARI,wikidataId/Q3622022
BRINDISI,wikidataId/Q13496
BRESCIA,wikidataId/Q6221
BOLZANO,wikidataId/Q6526
BOLOGNA,wikidataId/Q18288145
CERIGNOLA,wikidataId/Q19277
COMO,wikidataId/Q1308
BARI,wikidataId/Q18241854
ASTI,wikidataId/Q6122
FERRARA,wikidataId/Q13362
FIRENZE,nuts/ITE14
VENEZIA,wikidataId/Q641
UDINE,wikidataId/Q2790
TRENTO,wikidataId/Q3376
TORINO,wikidataId/Q495
VICENZA,wikidataId/Q6537
PERUGIA,wikidataId/Q3437
PRATO,wikidataId/Q13377
POZZUOLI_BACOLI,wikidataId/Q71832
PALERMO,wikidataId/Q20795016
PADOVA,wikidataId/Q617
OSTIA,wikidataId/Q11171297
NOVARA,wikidataId/Q6046
MODENA,wikidataId/Q279
MILAN,wikidataId/Q490
MESTRE,wikidataId/Q541405
MESSINA,wikidataId/Q13666
MATERA,wikidataId/Q13616
GROSSETO,wikidataId/Q6716
GENOVA,wikidataId/Q1449
GELA,wikidataId/Q39971
PAVIA,wikidataId/Q6259
BERGAMO,wikidataId/Q628
BARLETTA,wikidataId/Q13470
ROME,wikidataId/Q18288160
REGGIO_DI_CALABRIA,wikidataId/Q8471
LIVORNO,wikidataId/Q6761
LECCE,wikidataId/Q13386
AREZZO,wikidataId/Q13378
ANCONA,wikidataId/Q3415
ALESSANDRIA,wikidataId/Q6088
SIRACUSA,wikidataId/Q13670
SASSUOLO,wikidataId/Q8598
SASSARI,wikidataId/Q13629
PORDENONE,wikidataId/Q6606
PISA,wikidataId/Q13375
PESARO,wikidataId/Q13134
PORTMORE,wikidataId/Q644663
KINGSTON_JAMAICA,wikidataId/Q34692
YAMAGUCHI,wikidataId/Q207876
TOKYO,wikidataId/Q1490
OSAKA,wikidataId/Q122723
OKAYAMA,wikidataId/Q200078
FUKUOKA,wikidataId/Q26600
TURKISTAN,wikidataId/Q848638
TEMIRTAY,wikidataId/Q1001104
TARAZ,wikidataId/Q486545
QARAGANDY,wikidataId/Q484706
SHYMKENT,wikidataId/Q485496
SEMEY,wikidataId/Q61944
RUDNY,wikidataId/Q1008853
QULSARY,
QASKELEN,wikidataId/Q2121478
PAVLODAR,wikidataId/Q486282
OSKEMEN,wikidataId/Q162548
ORAL,wikidataId/Q487439
BALQASH,wikidataId/Q805515
NUR_SULTAN,wikidataId/Q1520
AQTAY,wikidataId/Q198989
ALMATY,wikidataId/Q35493
AKTOBE,wikidataId/Q477232
TALDYQORGAN,wikidataId/Q491102
IRBID,wikidataId/Q194165
AMMAN,wikidataId/Q3805
MERU,wikidataId/Q934149
MALABA,wikidataId/Q6740728
ELDORET,
NAIROBI,wikidataId/Q3870
NAKURU,
NYERI,
KISUMU,
HAMHUNG,wikidataId/Q109356
SONGNIM,wikidataId/Q505930
SINUIJU,
RASON,
PYONGYANG,
KANGGYE,wikidataId/Q489825
CHONGJU,wikidataId/Q213169
CHONGJIN,wikidataId/Q109336
CHEONAN,wikidataId/Q42146
SEOUL,wikidataId/Q8684
GWANGJU,wikidataId/Q41283
JINJU,wikidataId/Q42144
BUSAN,
KUWAIT,wikidataId/Q35178
TOKMOK,wikidataId/Q854333
TALAS,wikidataId/Q643955
OSH,wikidataId/Q47282
NARYN,
KYZYL_KYJA,wikidataId/Q2347569
KARAKOL,wikidataId/Q194452
KARA_BALTA,
JALAL_ABAD,wikidataId/Q487689
BIKEK,
BALYKCHY,wikidataId/Q805876
UZGEN,wikidataId/Q765887
LATINAMERICA_AND_CARIBBEAN_ALL,
TRIPOLI,wikidataId/Q168954
BEIRUT,wikidataId/Q3820
BAALBEK,
ZAHLE,wikidataId/Q26569
TYRE,wikidataId/Q82070
SIDON,wikidataId/Q163490
DAUGAVPILS,wikidataId/Q80021
RIGA,nuts/LV006
LIEPAJA,
VILNIUS,wikidataId/Q216
SIAULIAI,wikidataId/Q134712
PANEVEZYS,wikidataId/Q1719466
KLAIPEDA,wikidataId/Q776965
KAUNAS,wikidataId/Q4115712
LUXEMBOURG,wikidataId/Q1842
FIANARANTSOA,wikidataId/Q527441
ANTSIRANANA,wikidataId/Q218928
ANTSIRABE,wikidataId/Q583184
MAROVOAY,wikidataId/Q1902425
AMPARAFARAVOLA,wikidataId/Q474396
MAHAJANGA,wikidataId/Q218753
TAOLANARO,wikidataId/Q526568
TOLIARA,wikidataId/Q824043
TOAMASINA,wikidataId/Q178067
ANTANANARIVO,wikidataId/Q3915
MZUZU,wikidataId/Q502216
BLANTYRE,wikidataId/Q188693
RAWANG,wikidataId/Q2072124
IPOH,wikidataId/Q271619
MALE,wikidataId/Q9347
BAMAKO,
VALLETTA,wikidataId/Q23800
TIJUANA,wikidataId/Q124739
VERACRUZ,wikidataId/Q173270
VILLAHERMOSA_CENTRO_TABASCO,wikidataId/Q210886
XALAPA_VERACRUZ,wikidataId/Q221051
MONTERREY,wikidataId/Q81033
TEHUACAN,
SAN_JUAN_DEL_RIO,wikidataId/Q3849473
REYNOSA,wikidataId/Q738303
PUERTO_VALLARTA,wikidataId/Q853258
PUEBLA,wikidataId/Q7258412
MEXICOCITY,wikidataId/Q1489
LEON_MEXICO,wikidataId/Q189128
IRAPUATO_GUANAJUATO,wikidataId/Q816845
GUANAJUATO_GUANAJUATO,wikidataId/Q46475
GUADALAJARA,wikidataId/Q9022
ENSENADA,wikidataId/Q1548691
CULIACAN_ROSALES,wikidataId/Q211760
COMITANDEDOMINGUEZ_CHIAPAS,wikidataId/Q1961680
CIUDAD_RIO_BRAVO,wikidataId/Q1963086
CIUDAD_JUAREZ,wikidataId/Q26590
CAMPECHE_CAMPECHE,wikidataId/Q61301
TEPIC,wikidataId/Q207972
APATZINGAN_MICHOACAN,wikidataId/Q94758
ACAPULCO_GUERRERO,wikidataId/Q81398
MONACO_ALL,country/MCO
ULAANBAATAR,wikidataId/Q23430
TANGER,
TEMARA,wikidataId/Q1635606
SEFROU,wikidataId/Q1009308
SAFI,wikidataId/Q183405
OULAD_TEIMA,wikidataId/Q785945
OUJDA,wikidataId/Q193802
MIDELT,wikidataId/Q2501809
MARRAKESH,wikidataId/Q101625
MAKNES,wikidataId/Q178663
FKIH_BEN_SALAH,wikidataId/Q2895854
FES,wikidataId/Q80985
CASABLANCA,wikidataId/Q7903
AZROU,wikidataId/Q794128
SIDI_SLIMANE,wikidataId/Q2359952
MANHICA,wikidataId/Q10323671
NAMPULA,
NACALA,
MOCUBA,wikidataId/Q520687
MAXIXE,
MAPUTO,wikidataId/Q3889
GURUE,
BEIRA,
ALTO_MOLOCUE,
PEMBA,
AL_BURAYMI,wikidataId/Q2829307
MUSCAT,wikidataId/Q3826
SALALAH,wikidataId/Q1294439
SOHAR,wikidataId/Q943270
EUROPE_AND_NORTHERNAMERICA_ALL,country/USA
KATHMANDU,wikidataId/Q3037
POKHARA,wikidataId/Q6640
JANAKPUR,wikidataId/Q378649
ITAHARI,wikidataId/Q1675026
DHARAN,wikidataId/Q8254
DAMAK,wikidataId/Q1458001
BUTWAL,wikidataId/Q11283
BIRGANJ,wikidataId/Q8252
BIRENDRANAGAR,wikidataId/Q865146
BIRATNAGAR,wikidataId/Q8247
BHARATPUR,wikidataId/Q250220
SOEST_BAARN,wikidataId/Q10027
SITTARD_GELEEN,wikidataId/Q9781
VENLO,wikidataId/Q9777
VEENENDAAL,wikidataId/Q1840
S_HERTOGENBOSCH,wikidataId/Q2766547
S_GRAVENHAGE_THE_HAGUE,wikidataId/Q36600
ROTTERDAM,wikidataId/Q34370
ROOSENDAAL,wikidataId/Q6903267
PURMEREND,wikidataId/Q9954
PIJNACKER_BERKEL_EN_RODENRIJS,wikidataId/Q820839
OSS,wikidataId/Q13971034
NIJMEGEN,
HENGELO,wikidataId/Q10006
HELMOND,wikidataId/Q9844
LELYSTAD,wikidataId/Q166065
LEIDEN,wikidataId/Q43631
HEERLEN,wikidataId/Q9799
HAARLEMMERMEER,wikidataId/Q9924
HAARLEM,nuts/NL324
GRONINGEN,wikidataId/Q749
GOUDA,wikidataId/Q84125
EINDHOVEN,wikidataId/Q9832
DEVENTER,wikidataId/Q10001
BREDA,wikidataId/Q40844
ALPHEN_AAN_DEN_RIJN,wikidataId/Q213246
ALMERE,wikidataId/Q83178
ASSEN,wikidataId/Q798
ARNHEM,wikidataId/Q1310
ALMELO,wikidataId/Q988
ALKMAAR,wikidataId/Q972
ZOETERMEER,wikidataId/Q26432
ZWOLLE,wikidataId/Q793
EDE,wikidataId/Q26555
ENSCHEDE,wikidataId/Q10002
NIEUWEGEIN_IJSSELSTEIN,wikidataId/Q10050
MAASTRICHT,wikidataId/Q1309
BEVERWIJK_HEEMSKERK,wikidataId/Q9905
BERGEN_OP_ZOOM,wikidataId/Q192508
DORDRECHT,wikidataId/Q26421
VLEUTEN_DE_MEERN,wikidataId/Q1329720
UTRECHT,nuts/NL310
TILBURG,wikidataId/Q9871
SPIJKENISSE,wikidataId/Q488545
LEEUWARDEN,wikidataId/Q25390
HOORN,wikidataId/Q9938
HILVERSUM,wikidataId/Q9934
APELDOORN,wikidataId/Q101918
AMSTERDAM,
AMERSFOORT,wikidataId/Q992
NAPIER,wikidataId/Q203380
AUCKLAND,wikidataId/Q37100
WELLINGTON,wikidataId/Q23661
TAURANGA,wikidataId/Q207756
PALMERSTON,wikidataId/Q909220
LOWER_HUTT,wikidataId/Q1015681
HAMILTON_NEWZEALAND,wikidataId/Q200028
DUNEDIN,wikidataId/Q133073
CHRISTCHURCH,wikidataId/Q79990
TIPITAPA,wikidataId/Q1365146
MANAGUA,wikidataId/Q3274
LEON_NICARAGUA,wikidataId/Q208151
GRANADA_NICARAGUA,wikidataId/Q205648
CIUDAD_SANDINO,wikidataId/Q2720849
CHINANDEGA,wikidataId/Q974354
MASAYA,wikidataId/Q1001914
ZINDER,wikidataId/Q204365
NIAMEY,wikidataId/Q3674
MARADI,wikidataId/Q664550
DOSSO,wikidataId/Q985620
AGADEZ,
OYO,wikidataId/Q1023703
IBADAN,wikidataId/Q183298
GOMBE,wikidataId/Q591598
LAGOS,
OSLO,nuts/NO011
LORENSKOG_LILLESTROM,wikidataId/Q60806432
STAVANGER,wikidataId/Q25416
BERGEN,wikidataId/Q26793
GARAPAN,wikidataId/Q3272415
LAYYAH,wikidataId/Q631087
LAHORE_PAKISTAN,wikidataId/Q3308170
KOHAT,wikidataId/Q1195983
KHANPUR,wikidataId/Q1250097
KARACHI,wikidataId/Q8660
DASKA,wikidataId/Q2374990
ISLAMABAD,wikidataId/Q1362
HYDERABAD_PAKISTAN,wikidataId/Q1640079
HAFIZABAD,wikidataId/Q1253663
GUJRANWALA,wikidataId/Q243322
FAISALABAD,wikidataId/Q173985
CHISHTIAN,wikidataId/Q1250229
BHAKKAR,wikidataId/Q2428259
ATTOCK,wikidataId/Q1973073
LARKANA,wikidataId/Q696605
TURBAT,wikidataId/Q2977093
SIALKOT,wikidataId/Q643883
SHIKARPUR,wikidataId/Q1250069
SHEIKHUPURA,wikidataId/Q972756
SARGODHA,wikidataId/Q855997
QUETTA,wikidataId/Q185458
PESHAWAR,wikidataId/Q1113311
MULTAN,wikidataId/Q185453
MINGAWARA,
MARDAN,wikidataId/Q993859
JHANG,wikidataId/Q1026616
NAWABSHAH,wikidataId/Q1017637
LA_CHORRERA,
PANAMACITY,wikidataId/Q3306
ARRAIJAN,wikidataId/Q1841186
PORT_MORESBY,wikidataId/Q36526
KIMBE,wikidataId/Q59718
WEWAK,wikidataId/Q1017763
LAE,wikidataId/Q612250
CIUDAD_DEL_ESTE,wikidataId/Q192235
ASUNCION,wikidataId/Q2933
TRUJILLO,wikidataId/Q214173
PIURA,wikidataId/Q208183
MOQUEGUA,wikidataId/Q1000346
LIMA,wikidataId/Q211795
JULIACA,wikidataId/Q696074
CHICLAYO,wikidataId/Q260911
IQUITOS,wikidataId/Q193289
HUARAL,wikidataId/Q723677
HUANCAYO,wikidataId/Q468782
HUACHO,wikidataId/Q1002052
CUSCO,wikidataId/Q205057
CAJAMARCA,wikidataId/Q205078
AYACUCHO,wikidataId/Q205112
AREQUIPA,wikidataId/Q159273
JAEN,wikidataId/Q1229885
MANILA,wikidataId/Q13580
CEBU,wikidataId/Q1467
BACOLOD,wikidataId/Q5217
LOMZA,wikidataId/Q215633
LEGNICA,wikidataId/Q106274
LEGIONOWO,wikidataId/Q730944
KRAKOW,nuts/PL213
KOSZALIN,wikidataId/Q62868
GRUDZIADZ,wikidataId/Q123511
GORZOW_WIELKOPOLSKI,wikidataId/Q104731
KASZTELANKA,
KALISZ,wikidataId/Q52842
GORNOSLASKI_ZWIAZEK_METROPOLITALNY,
LODZ,wikidataId/Q580
GDANSK,wikidataId/Q1792
ELK,wikidataId/Q61480
ELBLAG,wikidataId/Q104712
CZESTOCHOWA,wikidataId/Q103217
POZNAN,wikidataId/Q268
PLOCK,wikidataId/Q104725
GDYNIA,wikidataId/Q385
GLIWICE,wikidataId/Q105084
PIOTRKOW_TRYBUNALSKI,wikidataId/Q158004
PILA,wikidataId/Q556200
PABIANICE,wikidataId/Q158589
OSTROWIEC_SWIETOKRZYSKI,wikidataId/Q730929
OSTROW_WIELKOPOLSKI,wikidataId/Q52895
OPOLE,wikidataId/Q92212
SZCZECIN,wikidataId/Q393
STALOWA_WOLA,wikidataId/Q751140
RYBNIK,wikidataId/Q107094
RADOM,wikidataId/Q104740
RZESZOW,wikidataId/Q598
STARGARD_SZCZECINSKI,wikidataId/Q106268
TYCHY,wikidataId/Q11977
TCZEW,wikidataId/Q474697
SUWALKI,wikidataId/Q236083
TORUN,wikidataId/Q47554
TOMASZOW_MAZOWIECKI,wikidataId/Q157994
WALBRZYCH,wikidataId/Q110732
SLUPSK,wikidataId/Q105048
ZIELONA_GORA,wikidataId/Q104720
ZGIERZ,wikidataId/Q104407
ZAMOSC,wikidataId/Q145972
WIDNICA,wikidataId/Q687963
WARSAW,nuts/PL127
KIELCE,wikidataId/Q102317
KATOWICE,wikidataId/Q588
BIALYSTOK,wikidataId/Q761
BELCHATOW,wikidataId/Q157992
MIELEC,wikidataId/Q658861
LUBLIN,wikidataId/Q37333
WROCLAW,nuts/PL514
WLOCLAWEK,wikidataId/Q106681
JELENIA_GORA,wikidataId/Q147934
JASTRZEBIE_ZDROJ,wikidataId/Q107106
INOWROCLAW,wikidataId/Q378821
CHELM,wikidataId/Q234184
BYDGOSZCZ,wikidataId/Q41252
BIELSKO_BIALA,wikidataId/Q106583
OLSZTYN,wikidataId/Q82765
NOWY_SACZ,wikidataId/Q802
MYSLOWICE,wikidataId/Q161595
GLOGOW,wikidataId/Q66013
GNIEZNO,wikidataId/Q51432
PRZEMYSL,wikidataId/Q208473
BARREIRO,wikidataId/Q217394
AMORA,wikidataId/Q474039
COIMBRA,
BRAGA,
ALMADA,
SETUBAL,
FUNCHAL,
AL_DAAYEN,
AL_KHOR_ALTHAKIRA,
ALKHOR,wikidataId/Q311717
MESAIEED,wikidataId/Q1069900
UMM_SLAL,wikidataId/Q990414
QATAR_ALL,wikidataId/Q935886
DOHA,wikidataId/Q3861
AL_SHEEHANIYA,
AL_SHAMAL,wikidataId/Q22948561
AL_RAYYAN,wikidataId/Q311272
AL_WAKRA,wikidataId/Q310893
AL_SHAHANIYA,wikidataId/Q12188815
ARAD,wikidataId/Q173591
BUCHAREST,wikidataId/Q19660
CONSTANTA,wikidataId/Q79808
FALTICENI,wikidataId/Q303015
IASI,wikidataId/Q46852
CLUJ_NAPOCA,wikidataId/Q100188
CRAIOVA,wikidataId/Q168057
CAMPIATURZII,wikidataId/Q458422
BRASOV,wikidataId/Q82174
NAVODARI,wikidataId/Q837960
TARGU_JIU,wikidataId/Q202357
MANGALIA,
SIBIU,wikidataId/Q83324
TIMISOARA,wikidataId/Q83404
REGHIN,wikidataId/Q572478
ASTRAHAN,wikidataId/Q3927
BEREZNIKI,wikidataId/Q105002
DZERZINSK,wikidataId/Q76493
MOSCOW,wikidataId/Q649
SAINT_PETERSBURG,wikidataId/Q4407742
TYUMEN,wikidataId/Q5815
BUTARE,wikidataId/Q509739
RUHENGERI,wikidataId/Q246145
KIGALI,wikidataId/Q3859
NYANZA,wikidataId/Q528679
GITARAMA,
CYANGUGU,wikidataId/Q782857
KAYONZA,
GISENYI,wikidataId/Q830631
ARAR,wikidataId/Q626199
AL_KHAFJI,wikidataId/Q1771721
AL_MADINAH,wikidataId/Q35484
RAFHA,wikidataId/Q27219
MAKKAH,wikidataId/Q5806
AR_RASS,wikidataId/Q1878991
RIYADH,wikidataId/Q3692
TABUK,wikidataId/Q244232
TAIF,wikidataId/Q182640
THIES,wikidataId/Q600693
SAINT_LOUIS,wikidataId/Q178872
DIOURBEL,wikidataId/Q910973
DAKAR,wikidataId/Q3718
KAOLACK,wikidataId/Q2082914
MBOUR,wikidataId/Q1019431
TOUBA,wikidataId/Q657072
LOUGA,wikidataId/Q738061
ZIGUINCHOR,wikidataId/Q202776
BOKHTAR-SERBIA,
KIKINDA,wikidataId/Q309355
ZRENJANIN,wikidataId/Q201125
POZAREVAC,wikidataId/Q199942
NOVI_SAD,wikidataId/Q55630
NOVI_PAZAR,wikidataId/Q202453
NIS,wikidataId/Q129259
KRAGUJEVAC,wikidataId/Q167394
BELGRADE,wikidataId/Q3711
BORCA,wikidataId/Q712322
SINGAPORE,country/SGP
NITRA,wikidataId/Q26397
TRNAVA,wikidataId/Q26175
ZILINA,wikidataId/Q25797
BRATISLAVA,wikidataId/Q1780
MARTIN,wikidataId/Q27001
BANSKA_BYSTRICA,wikidataId/Q144983
KOSICE,wikidataId/Q25409
VINH_LONG,wikidataId/Q34789
HO_CHI_MINH_CITY,wikidataId/Q1854
LJUBLJANA,wikidataId/Q437
JOHANNESBURG,wikidataId/Q2346838
PORT_ELIZABETH,wikidataId/Q125434
PAMPLONA,wikidataId/Q10282
ALBACETE,wikidataId/Q15095
ALICANTE,wikidataId/Q11959
ALCOI,wikidataId/Q494777
BARCELONA_SPAIN,wikidataId/Q1492
AVILES,wikidataId/Q14649
ALMERIA,wikidataId/Q10400
LA_CORUNA,wikidataId/Q8757
BENIDORM,wikidataId/Q487981
MALAGA,
MADRID,wikidataId/Q2807
IGUALADA,wikidataId/Q15950
MURCIA,wikidataId/Q12225
ZARAGOZA,wikidataId/Q10305
TALAVERA_DE_LA_REINA,wikidataId/Q181359
SEVILLA,wikidataId/Q8717
SANTIAGO_DE_COMPOSTELA,wikidataId/Q14314
SANTANDER,wikidataId/Q12233
SANTA_MONICA,
VIGO,wikidataId/Q8745
PARLA,wikidataId/Q824651
PUERTO_DE_LA_CRUZ,wikidataId/Q623549
TARRAGONA,wikidataId/Q15088
VILANOVA_I_LA_GELTRU,wikidataId/Q15553
VILADECANS,wikidataId/Q15652
VALENCIA_SPAIN,wikidataId/Q8818
VALDEMORO,
GIJON,wikidataId/Q12273
FERROL,wikidataId/Q485329
GRANADA_SPAIN,wikidataId/Q8810
PALMA,wikidataId/Q8826
CARTAGENA_SPAIN,wikidataId/Q162615
CADIZ,wikidataId/Q15682
PALENCIA,wikidataId/Q8378
OVIEDO,wikidataId/Q14317
TOLEDO_SPAIN,wikidataId/Q5836
VALLADOLID,wikidataId/Q8356
TORREVIEJA,wikidataId/Q221749
TORREMOLINOS,wikidataId/Q492737
SANT_BOI_DE_LLOBREGAT,wikidataId/Q15635
LOGRONO,wikidataId/Q14325
IRUN,wikidataId/Q200201
SABADELL,wikidataId/Q12258
REUS,wikidataId/Q487096
COSLADA,wikidataId/Q164197
CASTELLDEFELS,wikidataId/Q15597
CACERES,wikidataId/Q15678
BURGOS,wikidataId/Q9580
BILBAO,wikidataId/Q8692
MOLLET_DEL_VALLES,wikidataId/Q23994797
MELILLA,nuts/ES64
MANRESA,wikidataId/Q16697
SANTA_CRUZ_DE_TENERIFE,wikidataId/Q14328
SAN_SEBASTIAN,geoId/7277500
SALAMANCA,wikidataId/Q15695
TERRASSA,wikidataId/Q13939
ZAMORA,wikidataId/Q15696
VITORIA_GASTEIZ,wikidataId/Q14318
ELCHE,wikidataId/Q10509
EL_PRAT_DE_LLOBREGAT,wikidataId/Q15619
EL_MASNOU,wikidataId/Q12039
KASSALA,wikidataId/Q686813
WAD_MADANI,wikidataId/Q852528
SINJAH,wikidataId/Q130364
BUR_SUDAN,wikidataId/Q208718
ATBARA,wikidataId/Q753906
AL_QADARIF,wikidataId/Q311199
KHARTOUM,wikidataId/Q1963
SANNAR,wikidataId/Q611867
NORTHERN_AFRICA_AND_WESTERN_ASIA_ALL,wikidataId/Q24899010
UMEA,wikidataId/Q25579
TABY,
SODERTALJE,
HELSINGBORG,wikidataId/Q25411
OREBRO,wikidataId/Q25732
BORAS,
NORRKOPING,
HANINGE,wikidataId/Q113692
GOTEBORG,wikidataId/Q25287
STOCKHOLM,wikidataId/Q1754
VASTERAS,wikidataId/Q25412
UPPSALA,wikidataId/Q25286
MALMO,wikidataId/Q2211
LUND,
LINKOPING,wikidataId/Q25413
EASTERN_AND_SOUTHERN_ASIA_ALL,
LUZERN,wikidataId/Q4191
ZURICH,wikidataId/Q72
WINTERTHUR,wikidataId/Q9125
WETZIKON,wikidataId/Q68305
THUN,wikidataId/Q68978
ST_GALLEN,wikidataId/Q25607
NEUCHATEL,wikidataId/Q69345
BASEL,wikidataId/Q78
EMMEN_LUCERNE,wikidataId/Q4225
LAUSANNE,wikidataId/Q807
GENEVA,wikidataId/Q71
FRIBOURG,wikidataId/Q36378
BERNE,wikidataId/Q70
BIEL,wikidataId/Q1034
LUGANO,wikidataId/Q7024
PANJAKENT,wikidataId/Q630805
KONIBODOM,wikidataId/Q1015752
CHKALOVSK_BUSTON,wikidataId/Q2997217
ISFARA,wikidataId/Q695330
DUSHANBE,wikidataId/Q9365
KHUJAND,wikidataId/Q373808
KHOROG,wikidataId/Q467501
ISTARAVSHAN,wikidataId/Q936510
NURAK,wikidataId/Q1018201
BOKHTAR,wikidataId/Q648567
VAHDAT,wikidataId/Q1018025
TURSUNZODA,wikidataId/Q648709
KULOB,wikidataId/Q132043
CHIANG_MAI,wikidataId/Q233588
CHA_AM,wikidataId/Q927810
BANGKOK,wikidataId/Q1861
KHON_KAEN,wikidataId/Q327533
CHUMPHON,wikidataId/Q244695
CHIANG_RAI,wikidataId/Q236419
PHATTHALUNG,wikidataId/Q179539
AL_AIN,wikidataId/Q234600
DUBAI,
ABU_DHABI,
AL_QAYRAWAN,wikidataId/Q179570
TUNIS,wikidataId/Q3572
TOZEUR,wikidataId/Q504661
SUSAH,
SFAX,wikidataId/Q46325
QABIS,wikidataId/Q215661
MONASTIR,wikidataId/Q208715
BANZART,wikidataId/Q189546
ANTALYA,wikidataId/Q6487
ADIYAMAN,wikidataId/Q168197
KAYSERI,wikidataId/Q48338
BALIKESIR,wikidataId/Q199723
GAZIANTEP,wikidataId/Q93338
DENIZLI,wikidataId/Q170967
CORUM,wikidataId/Q206900
KONYA,wikidataId/Q79857
IZMIR,wikidataId/Q35997
ISTANBUL,
CERKEZKOY,wikidataId/Q272800
CARASAMBA,
BURSA,wikidataId/Q40738
VIRANSEHIR,wikidataId/Q497731
UZUNKOPRU,wikidataId/Q775225
TARSUS,wikidataId/Q134287
SIVAS,wikidataId/Q107401
SANLIURFA,wikidataId/Q133118
SAMSUN,wikidataId/Q160450
MALATYA,wikidataId/Q165995
ANKARA,wikidataId/Q3640
AGRI,nuts/TRA21
ELBISTAN,
ADAPAZARI,wikidataId/Q175323
NIGDE,wikidataId/Q194146
TURKMENBASY,wikidataId/Q488987
TURKMENABAT,wikidataId/Q487684
MARY,wikidataId/Q5713
DASOGUZ,wikidataId/Q487672
BAYRAMALY_BAJRAM_ALI,
BALKANABAT,wikidataId/Q199762
ASHGABAT,wikidataId/Q23438
GYZYLARBAT,wikidataId/Q1015618
TEJEN,wikidataId/Q1983850
MBARARA,wikidataId/Q731039
MBALE,wikidataId/Q1015727
MASAKA,wikidataId/Q1032233
KASESE,wikidataId/Q1232016
KAMPALA,wikidataId/Q3894
JINJA,wikidataId/Q501709
GULU,wikidataId/Q581379
LIRA,wikidataId/Q1015699
ROVNO,wikidataId/Q156739
NIKOLAEV,wikidataId/Q41572
DIYARB_NAJM,
CAIRO,wikidataId/Q85
ALEXANDRIA,wikidataId/Q87
AL_ZAQAZIQ,wikidataId/Q140304
AL_QHURDAQAH,
AL_MANSHAH,
PORT_SAID,wikidataId/Q134509
ASYUT,wikidataId/Q29962
SEFTON,wikidataId/Q991747
SCUNTHORPE,wikidataId/Q913386
ABERDEEN,wikidataId/Q36405
BLANTYRE_HAMILTON,wikidataId/Q881708
BLACKPOOL,wikidataId/Q170377
BLACKBURN,wikidataId/Q188313
BARNSLEY,wikidataId/Q1857382
BOURNEMOUTH,wikidataId/Q170478
AYLESBURY,wikidataId/Q213474
ASHFORD,wikidataId/Q725261
ALDWICK_FELPHAM,wikidataId/Q2227185
BANGOR,wikidataId/Q234178
CHESTER,wikidataId/Q170263
CHELTENHAM,wikidataId/Q206988
BELFAST,wikidataId/Q10686
BEDFORD,nuts/UKH24
BATH,wikidataId/Q22889
BASINGSTOKE_AND_DEANE,wikidataId/Q810185
CREWE,wikidataId/Q648810
DACORUM,wikidataId/Q931180
HARLOW,wikidataId/Q852729
HALTON,
HALIFAX_UK,wikidataId/Q826561
GUILDFORD,wikidataId/Q213465
HUDDERSFIELD,wikidataId/Q201812
HARROGATE,wikidataId/Q215829
HARTLEPOOL,wikidataId/Q215752
HASTINGS,wikidataId/Q29245
CHESTERFIELD,wikidataId/Q823600
COLCHESTER,wikidataId/Q184163
COATBRIDGE,wikidataId/Q1018723
CHELMSFORD,wikidataId/Q210985
BRACKNELL,wikidataId/Q783210
CANNOCK_HEDNESFORD,
CORBY,wikidataId/Q994925
BURNLEY,wikidataId/Q209096
BRISTOL,nuts/UKK11
BRIGHTON,wikidataId/Q131491
CAMBRIDGE,wikidataId/Q350
BURTON_ON_TRENT,wikidataId/Q1000597
CARLISLE,wikidataId/Q192896
CARDIFF,wikidataId/Q24342199
WARRINGTON,wikidataId/Q894095
LIVERPOOL,nuts/UKD72
LIVINGSTON,wikidataId/Q848287
TAMWORTH,wikidataId/Q704864
TYNESIDE_CONURBATION,wikidataId/Q1120443
WASHINGTON,wikidataId/Q1018448
WARWICK,wikidataId/Q549761
TELFORD,wikidataId/Q576938
TAUNTON,wikidataId/Q845619
WAKEFIELD,nuts/UKE45
WORCESTER,wikidataId/Q1646181
WOKING,wikidataId/Q646225
WIGAN_SKELMERSDALE,
TORBAY,wikidataId/Q209055
THURROCK,nuts/UKH32
THATCHAM,wikidataId/Q1026304
NORWICH,wikidataId/Q130191
NORTHAMPTON,wikidataId/Q192240
TUNBRIDGE_WELLS,wikidataId/Q665489
WYCOMBE,wikidataId/Q548974
SWINDON,wikidataId/Q894093
SWANSEA,nuts/UKL18
NEWPORT,wikidataId/Q11294004
NEWCASTLE_UNDER_LYME,wikidataId/Q868642
YORK,wikidataId/Q20986421
LUTON,nuts/UKH21
LOUGHBOROUGH,wikidataId/Q537323
LONDON_UK,nuts/UKI
PLYMOUTH,wikidataId/Q21674890
MAIDSTONE,wikidataId/Q213180
MAIDENHEAD,wikidataId/Q1368496
OXFORD,wikidataId/Q34217
NUNEATON,wikidataId/Q175632
MANSFIELD,wikidataId/Q841979
MANCHESTER_UK,nuts/UKD33
MEDWAY,nuts/UKJ41
MILTON_KEYNES,wikidataId/Q894090
PORTSMOUTH,wikidataId/Q21683233
SLOUGH,wikidataId/Q211907
RUSTINGTON,wikidataId/Q846403
REDHILL_REIGATE,wikidataId/Q1851095
ROTHERHAM,wikidataId/Q1878732
SUTTON_IN_ASHFIELD,wikidataId/Q2119187
STOCKTON_ON_TEES,wikidataId/Q894094
READING,wikidataId/Q161491
PRESTON,wikidataId/Q184090
SHEFFIELD,nuts/UKE32
SHREWSBURY,wikidataId/Q201970
STEVENAGE,wikidataId/Q19795
STAFFORD,wikidataId/Q826782
ST_ALBANS,wikidataId/Q6226
SOUTHEND_ON_SEA,nuts/UKH31
SOUTHAMPTON,nuts/UKJ32
DERRY,wikidataId/Q163584
DERBY,nuts/UKF11
EXETER,wikidataId/Q134672
GLASGOW,nuts/UKM34
ELLESMERE_PORT,wikidataId/Q1011600
GREAT_YARMOUTH,wikidataId/Q237253
GRAVESHAM,wikidataId/Q1459781
FALKIRK,wikidataId/Q623687
FRIMLEY_FARNBOROUGH,wikidataId/Q1424548
GLOUCESTER,wikidataId/Q170497
DUNDEE,wikidataId/Q123709
DONCASTER,wikidataId/Q1925846
EASTBOURNE,wikidataId/Q208262
EAST_KILBRIDE,wikidataId/Q654226
EDINBURGH,nuts/UKM25
KETTERING,wikidataId/Q984613
KEIGHLEY,wikidataId/Q990168
GRIMSBY_CLEETHORPES,wikidataId/Q587765
IPSWICH,wikidataId/Q184775
KINGSTON_UPON_HULL,nuts/UKE11
KIDDERMINSTER,wikidataId/Q844062
LEICESTER,nuts/UKF21
LEEDS_BRADFORD,
HYNDBURN,wikidataId/Q1640713
LINCOLN,wikidataId/Q180057
BIRMINGHAM,nuts/UKG31
AYR_PRESTWICK,
BASILDON,wikidataId/Q216649
HEREFORD,wikidataId/Q204720
CRAWLEY,wikidataId/Q844908
COVENTRY,wikidataId/Q20986417
WESTON_SUPER_MARE,wikidataId/Q845623
WAVENEY,wikidataId/Q642424
THANET,wikidataId/Q1752642
WORTHING,wikidataId/Q671348
MOTHERWELL_WISHAW,wikidataId/Q737547
PETERBOROUGH_UK,wikidataId/Q12956645
RUGBY,wikidataId/Q623765
REDDITCH,wikidataId/Q865716
DARLINGTON,wikidataId/Q213181
GREATER_MANCHESTER,nuts/UKD3
NOTTINGHAM,nuts/UKF14
EASTLEIGH,wikidataId/Q731069
ARUSHA,wikidataId/Q4301
MODESTO,geoId/0648354
MONTGOMERY,geoId/0151000
NEWYORK,geoId/3651000
CHICAGO,geoId/1714000
GAINESVILLE_FL,geoId/1225175
KILLEEN_TX,geoId/4839148
MANCHESTER_US,geoId/3345140
MINNEAPOLIS,geoId/2743000
RALEIGH,geoId/3755000
PORTLAND,geoId/4159000
PHILADELPHIA,geoId/4260000
TOLEDO_US,geoId/3977000
TALLAHASEE,geoId/1270600
SPRINGFIELD,geoId/2970000
SAVANNAH,geoId/1369000
VISALIA,geoId/0682954
WACO,geoId/4876000
CLOVIS,geoId/0614218
OUAGADOUGOU,wikidataId/Q3777
MELO,wikidataId/Q738250
MERCEDES,wikidataId/Q844914
MONTEVIDEO,wikidataId/Q1335
RIVERA,wikidataId/Q646498
PAYSANDU,wikidataId/Q1020814
MALDONALDO,wikidataId/Q16258
LAS_PIEDRAS,wikidataId/Q615470
SALTO,
TACUAREMBO,wikidataId/Q833016
BESHARYK,wikidataId/Q891824
NAVOIY,wikidataId/Q763015
ANDIJAN,wikidataId/Q487656
URGANCH,wikidataId/Q472925
TURTKUL,wikidataId/Q1027623
TERMIZ,wikidataId/Q491879
QARSHI,wikidataId/Q644008
TASHKENT,wikidataId/Q269
NUKUS,wikidataId/Q489898
BEKOBOD,wikidataId/Q815053
NAMANGAN,wikidataId/Q492552
BUKHARA,wikidataId/Q5764
DENAU,wikidataId/Q1189758
KOKAND,wikidataId/Q489890
YARITAGUA,wikidataId/Q1023493
MARIARA,wikidataId/Q1816684
CIUDAD_GUAYANA,wikidataId/Q507080
CIUDAD_OJEDA,wikidataId/Q953490
CABUDARE,wikidataId/Q580968
SAN_CRISTOBAL,
CABIMAS,wikidataId/Q723588
SAN_JUAN_DE_LOS_MORROS,wikidataId/Q999117
CUMANA,
GUARENAS_AND_GUATIRE,wikidataId/Q1026987
LOS_TEQUES,wikidataId/Q695631
CORO,wikidataId/Q1134454
CARACAS,wikidataId/Q1533
MARACAIBO,wikidataId/Q10324879
MARACAY,wikidataId/Q333928
CUA,wikidataId/Q770309
BARCELONA_VENEZUELA,
ACARIGUA,wikidataId/Q338059
ALTAGRACIA_DE_ORITUCO,wikidataId/Q433758
VALERA,wikidataId/Q1010367
VALENCIA_VENEZUELA,wikidataId/Q54880
BARQUISIMETO,wikidataId/Q4709
TUCUPITA,wikidataId/Q179007
BARINAS,wikidataId/Q695623
CIUDAD_BOLIVAR,wikidataId/Q26906
SACARLOS_DEL_ZULIA,wikidataId/Q1005022
APIA,wikidataId/Q36260
ADAN,wikidataId/Q131694
YARIM,wikidataId/Q568905
DHAMAR,wikidataId/Q955523
AMRAN,wikidataId/Q275720
AL_HUDAYDAH,wikidataId/Q270041
RADA_A,wikidataId/Q2125362
TAIZZ,wikidataId/Q466216
SANAA,wikidataId/Q2471
TARIM,wikidataId/Q1014010
NDOLA,wikidataId/Q219671
TIRANA,wikidataId/Q19689
ANDORRA_ALL,country/AND
WINDHOEK,
ANTIGUA,
BAHRAIN_ALL,country/BHR
ARMENIA_ALL,country/ARM
BERMUDA,country/BMU
LAPAZ,wikidataId/Q1491
BOSNIA_AND_HERZEGOVINA_ALL,country/BIH
GABORONE,wikidataId/Q3919
CIGRES,
BELMOPAN,wikidataId/Q3043
BELARUS_ALL,country/BLR
YAOUNDE,wikidataId/Q3808
PRAIA,wikidataId/Q3751
DEHIWALA-MOUNTLAVINIA,
MORATUWA,wikidataId/Q867213
SANTIAGO_PROVIDENCIA,wikidataId/Q51587
LOSLAGOS_PUERTOMONTT,wikidataId/Q36214
COQUIMBO_COQUIMBO,wikidataId/Q3871
TARAPACA_ARICA,
CANET,
KUNMING,wikidataId/Q182852
SUZHOU,wikidataId/Q360643
LANZHOU,wikidataId/Q183584
BELLO,wikidataId/Q816024
BUENAVENTURA,wikidataId/Q996581
PEREIRA,wikidataId/Q51111
ITAGUI,wikidataId/Q1527934
DOSQUEBRADAS,wikidataId/Q1093584
CUCUTA,wikidataId/Q216847
CIEGODEAVILA,wikidataId/Q115465
COTONOU,wikidataId/Q43595
COPENHAGEN,wikidataId/Q1748
SANTADOMINGO,wikidataId/Q34820
LALIBERTAD_NUEVASANSALVADOR,
SANSALVADOR_SOYAPANGO,wikidataId/Q956031
SANSALVADOR_MEJICANOS,wikidataId/Q723411
SANSALVADOR_ILOPANGO,wikidataId/Q1659066
SANSALVADOR_APOPA,wikidataId/Q619646
HELSINKI,wikidataId/Q1757
KUTAISI,wikidataId/Q172415
BATUMI,wikidataId/Q25475
TBILISI,wikidataId/Q994
ATHENSGAA,wikidataId/Q1524
CONAKRY,wikidataId/Q3733
GEORGETOWN,wikidataId/Q10717
LESCAYES,wikidataId/Q984786
PETIONVILLE,wikidataId/Q1001440
CHINA_HONGKONG_SAR_ALL,country/HKG
DELHI,wikidataId/Q987
BANGALORE,wikidataId/Q1355
WARANGAL,wikidataId/Q28169759
JAKARTA,wikidataId/Q3630
ABIDJAN,wikidataId/Q19830972
KOSOVO_ALL,wikidataId/Q786124
BISHEKEK,wikidataId/Q9361
MASERU,wikidataId/Q3909
MONROVIA,wikidataId/Q3748
CHINA_MACAO_SAR_ALL,country/MAC
MALDIVES,country/MDV
NOUAKCHOTT,wikidataId/Q3688
CUREPIPE,wikidataId/Q1002525
PORTLOUIS,wikidataId/Q3929
CHETUMAL_OTHONP_BLANCO_QUINTANAROO,wikidataId/Q459553
CHILPANCINGO_GUERRERO,wikidataId/Q207935
CUAUTLA_MORELOS,wikidataId/Q939959
CUAUHTEMOC_CHIHUAHUA,wikidataId/Q645293
CORDOBA_VERACRUZ,wikidataId/Q989492
COLIMA,wikidataId/Q61309
COATZACOALCOS_VERACRUZ,wikidataId/Q502023
CELAYA_GUANAJUATO,wikidataId/Q580649
CARMEN_CAMPECHE,wikidataId/Q991435
IGUALA_GUERRERO,wikidataId/Q607167
ZACATECAS_ZACATECAS,wikidataId/Q139242
VICTORIA_TAMAULIPAS,wikidataId/Q331661
ZAMORA_MICHOACAN,wikidataId/Q145865
ZAPOPAN_JALISCO,wikidataId/Q147402
ZITACUARO_MICHOACAN,wikidataId/Q1962272
HIDALGO_MICHOACAN,
HERMOSILLO_SONORA,wikidataId/Q189138
GUAYMAS_SONORA,wikidataId/Q985521
GUASAVE_SINALOA,wikidataId/Q588515
CARDENAST_TABASCO,wikidataId/Q5795966
CANCUN,wikidataId/Q8969
ALTAMIRA_TAMAULIPAS,wikidataId/Q434225
AGUASCALIENTES,wikidataId/Q79952
CHALCOMEX,wikidataId/Q1962104
ACUNACOAHUILA,wikidataId/Q179841
HIDALGODELPARRAL_CHIHUAHUA,wikidataId/Q771214
GUADALUPE_ZACATECAS,wikidataId/Q1961298
GUADALUPE_NUEVOLEON,wikidataId/Q938835
HUIXQUILUCAN_MEXICO,wikidataId/Q20146689
CHIHUAHUA_CHIHUAHUA,wikidataId/Q61302
CIUDADOBREGON,wikidataId/Q681340
CORREGIDORA,wikidataId/Q1962054
MONACO_ALL,country/MCO
MONTENEGRO_ALL,country/MNE
GHORAI,wikidataId/Q1447290
AMSTERDAM-UTRECHT,wikidataId/Q727
MARSHALLISLANDS,country/MHL
LIMA_CARABAYLLO,
UCAYALI_CALLERIA,wikidataId/Q2486015
LIMA_PUENTEPIEDRA,wikidataId/Q3303771
LIMA_LURIGANCHO,wikidataId/Q2718534
JUNIN_ELTAMBO,wikidataId/Q5352223
LIMA_LOSOLIVOS,wikidataId/Q2100996
LIMA_CHORRILLOS,wikidataId/Q2321093
LIMA_SANJUANDELURIGANCHO,wikidataId/Q2501691
LIMA_COMAS,wikidataId/Q1113426
LIMA_ATE,wikidataId/Q3769630
CALLAO_CALLAOCERCADO,
LIMA_SANBORJA,wikidataId/Q2566267
LIMA_VILLAMARIADELTRIUNFO,wikidataId/Q2038962
PIURA_CASTILLA,wikidataId/Q3826215
LAHORE_PHILIPPINES,
LISBON,wikidataId/Q597
ANGUILLA,geoId/2801500
CASTRIES,wikidataId/Q41699
CAPETOWN,wikidataId/Q1185115
DURBAN,wikidataId/Q5468
STEVE_TSHWETE,wikidataId/Q2292410
HARARE,wikidataId/Q3921
DAMASCUS,wikidataId/Q3766
LOME,wikidataId/Q3792
SOUSSE,
NORTH_MACEDONIA_ALL,
MOSHI,wikidataId/Q271733
DARESSALAAM,wikidataId/Q1960
TOMPKINS_COUNTY,geoId/36109
SANFRANSCISCO,geoId/0667000
LUSAKA,wikidataId/Q3881
NORTHERN_GOVERNORATE,wikidataId/Q840445
CAPITAL_GOVERNORATE,wikidataId/Q528953
MUHARRAQ_GOVERNORATE,wikidataId/Q375630
SOUTHERN_GOVERNORATE,wikidataId/Q838532
FRANCISTOWN,wikidataId/Q165422
INDAIATUBA_CORREGO,
PORTO_ALEGRE_AND_NOVO_HAMBURGO,wikidataId/Q40269
BELEM_ANANINDEUA,
CAMPINAS_PAULINIA,
SUINING,wikidataId/Q426644
YULIN,wikidataId/Q571918
ARAUCA,wikidataId/Q626543
VILLAVICENCIO,wikidataId/Q749224
BABAHOYO,wikidataId/Q797568
TOULOUSSE,wikidataId/Q7880
CHOLOMA,wikidataId/Q998218
ICELAND_ALL,wikidataId/Q1764
BAREILLY,wikidataId/Q1797378
PATI,wikidataId/Q10622
SUBANG,
SAN_LUIS_RIO_COLORADO,wikidataId/Q995380
SALTILLO,wikidataId/Q53077
OCEANIA_EXCL_AUSTRALIA_AND_NEWZEALAND_ALL,
AL_KHOR,wikidataId/Q1156471
HAIL,wikidataId/Q675568
AT_TAIF,wikidataId/Q182640
JIDDAH,wikidataId/Q374365
KHAMIS_ABHA,
AD_DAMMAM,wikidataId/Q160320
AL_HUFUF,wikidataId/Q27136
AL_JUBAYL,wikidataId/Q27430
AL_KHARJ,wikidataId/Q2162128
ALFASHIR,wikidataId/Q311204
WINTERHUR,wikidataId/Q9125
AL_FUJAYRAH,wikidataId/Q4091
RAS_AL_KHAIMAH,
HOUSTON,geoId/4835000
CLEVELAND,geoId/3916000
NAVOI_KARMANA,
BARCELONA_AND_PUERTO_LA_CRUZ,wikidataId/Q379509
